lcd_id,lcd_version,reason_change_id,reason_change_version,last_updated,"reason_change_other"
32553,20,82,3,2024-10-29 11:31:49.087000000,"Annual Review "
33252,29,82,3,2020-06-19 22:52:07.837000000,"Revision based on CMS directive"
33261,40,70,3,2021-05-21 14:22:14.223000000,""
33267,17,82,3,2019-11-21 23:30:58.100000000,"Revision based on CR 10901"
33274,36,70,3,2021-01-29 16:06:51.807000000,""
33312,37,55,3,2025-03-25 18:07:02.533000000,""
33312,37,73,3,2025-03-25 18:07:02.533000000,""
33317,34,55,3,2025-03-27 12:50:40.110000000,""
33317,34,73,3,2025-03-27 12:50:40.110000000,""
33318,57,55,3,2025-01-08 18:05:03.930000000,""
33318,57,73,3,2025-01-08 18:05:03.930000000,""
33369,26,55,3,2020-02-28 20:03:20.503000000,""
33369,26,82,3,2020-02-28 20:03:20.503000000,""
33370,49,55,3,2023-12-07 15:38:16.923000000,""
33370,49,82,3,2023-12-07 15:38:16.923000000,"CMS Final Rule CMS-1780-F"
33393,9,82,3,2023-11-07 22:08:52.697000000,"(Technical update)"
33394,54,76,3,2025-05-22 13:38:26.700000000,""
33396,10,105,3,2019-10-18 14:28:55.340000000,""
33398,32,76,3,2023-02-02 20:00:13.010000000,""
33399,14,73,3,2019-12-20 17:21:50.033000000,""
33405,25,82,3,2020-06-19 22:57:32.407000000,"Revision based on CMS directive"
33411,29,72,3,2019-10-02 20:01:15.203000000,""
33411,29,82,3,2019-10-02 20:01:15.203000000,"Revisions based on CRs 10901, 11322, 11333"
33417,40,55,3,2021-04-05 19:41:21.767000000,""
33420,41,55,3,2021-02-25 14:46:39.263000000,""
33422,40,55,3,2021-06-04 14:36:33.673000000,""
33423,58,55,3,2025-06-20 13:43:45.387000000,""
33428,53,55,3,2021-07-23 13:55:57.137000000,""
33431,54,55,3,2022-03-03 14:40:15.093000000,""
33436,38,55,3,2023-11-10 13:33:12.840000000,""
33438,47,55,3,2024-07-12 13:09:21.227000000,""
33444,42,55,3,2024-12-23 14:14:07.640000000,""
33445,71,55,3,2019-10-14 18:32:18.287000000,""
33446,47,55,3,2021-06-18 14:58:02.263000000,""
33447,48,55,3,2024-09-10 13:47:08.253000000,""
33449,36,55,3,2019-11-09 15:55:07.880000000,""
33455,31,55,3,2021-09-03 12:52:54.543000000,""
33456,71,55,3,2023-06-05 14:08:41.027000000,""
33457,61,55,3,2023-03-14 13:39:27.127000000,""
33458,69,55,3,2021-05-20 13:31:47.383000000,""
33459,43,55,3,2024-06-07 13:39:46.233000000,""
33461,64,55,3,2024-03-01 14:55:00.330000000,""
33467,49,55,3,2023-05-01 14:04:49.193000000,""
33557,45,105,3,2019-09-17 16:49:22.473000000,""
33558,32,105,3,2019-09-11 17:29:09.300000000,""
33559,28,70,3,2022-02-02 17:59:58.340000000,""
33560,35,82,3,2023-09-28 18:25:16.297000000,"Revised to comply with CR 13094."
33563,26,105,3,2019-09-05 13:22:51.263000000,""
33567,27,105,3,2019-09-16 13:37:43.457000000,""
33569,28,55,3,2020-10-08 15:53:51.327000000,""
33573,24,105,3,2019-11-01 14:07:13.787000000,""
33574,37,105,3,2019-09-11 18:25:14.560000000,""
33575,43,75,3,2022-06-28 19:37:33.123000000,""
33576,23,105,3,2019-10-17 19:23:22.703000000,""
33577,43,105,3,2019-09-17 16:54:27.620000000,""
33578,17,105,3,2019-10-04 14:45:57.883000000,""
33579,38,55,3,2024-10-03 12:08:58.333000000,""
33580,40,105,3,2019-12-13 18:21:03.130000000,""
33583,21,72,3,2019-10-02 19:21:14.787000000,""
33583,21,82,3,2019-10-02 19:21:14.787000000,"Revisions based on CRs 10901, 11332, 11333"
33585,33,105,3,2019-10-18 14:42:07.290000000,""
33591,18,105,3,2019-11-01 15:27:54.277000000,""
33609,14,82,3,2020-12-31 15:54:33.027000000,"Revision based on TDL 200268"
33610,61,73,3,2024-12-13 12:07:38.227000000,""
33611,25,55,3,2021-06-18 15:48:24.730000000,""
33611,25,76,3,2021-06-18 15:48:24.730000000,""
33612,26,55,3,2023-12-07 16:05:12.877000000,""
33612,26,82,3,2023-12-07 16:05:12.877000000,"CMS Final Rule CMS-1780-F"
33614,26,105,3,2019-11-01 16:14:23.640000000,""
33616,10,105,3,2019-11-14 13:32:11.160000000,""
33618,23,82,3,2019-11-22 00:16:56.627000000,"Revision based on CR 10901"
33619,24,105,3,2019-09-17 20:17:34.223000000,""
33621,15,105,3,2019-09-11 17:43:19.857000000,""
33622,35,55,3,2024-02-05 15:08:27.230000000,""
33623,25,105,3,2019-11-01 14:26:52.597000000,""
33624,33,105,3,2019-11-08 15:59:36.370000000,""
33626,44,55,3,2025-01-17 18:43:56.590000000,""
33627,89,75,3,2020-06-19 13:25:53.090000000,""
33628,33,105,3,2019-09-11 17:49:46.250000000,""
33630,27,105,3,2019-09-05 17:11:46.303000000,""
33631,51,105,3,2019-12-18 19:45:01.450000000,""
33632,82,55,3,2024-01-03 20:33:23.433000000,""
33633,49,105,3,2019-09-17 16:55:58.637000000,""
33636,52,82,3,2022-08-11 19:17:37.917000000,""
33641,21,55,3,2020-02-14 15:56:28.640000000,""
33641,21,82,3,2020-02-14 15:56:28.640000000,""
33642,26,55,3,2021-03-12 14:27:15.643000000,""
33646,39,55,3,2021-04-23 12:46:41.093000000,""
33667,22,72,3,2019-10-02 19:23:35.243000000,""
33667,22,82,3,2019-10-02 19:23:35.260000000,"Revisions based on CRs 10901, 11322, 11333"
33671,48,70,3,2021-01-29 19:04:07.853000000,""
33671,48,71,3,2021-01-29 19:04:07.853000000,""
33674,10,82,3,2019-11-21 23:26:33.537000000,"Revision based on CR 10901"
33686,41,55,3,2025-03-25 17:40:03.030000000,""
33686,41,73,3,2025-03-25 17:40:03.030000000,""
33689,17,82,3,2019-11-22 00:19:52.600000000,"Revision based on CR 10901"
33690,20,82,3,2020-02-13 15:00:35.830000000,""
33692,21,55,3,2021-03-11 17:42:07.383000000,""
33692,21,82,3,2021-03-11 17:42:07.383000000,""
33693,28,70,3,2023-12-08 14:07:06.693000000,""
33695,26,82,3,2019-11-21 23:53:49.523000000,"Revision based on CR10901"
33718,52,55,3,2023-12-07 15:39:56.283000000,""
33718,52,82,3,2023-12-07 15:39:56.283000000,"CMS Final Rule CMS-1780-F"
33733,19,82,3,2020-02-13 15:03:55.230000000,""
33735,19,82,3,2020-02-13 15:07:16.460000000,""
33736,20,82,3,2020-02-13 15:23:53.783000000,""
33737,20,55,3,2020-02-14 15:06:48.587000000,""
33737,20,82,3,2020-02-14 15:06:48.587000000,""
33738,18,55,3,2020-02-14 15:20:12.950000000,""
33738,18,82,3,2020-02-14 15:20:12.950000000,""
33739,21,55,3,2024-10-09 18:13:07.190000000,""
33739,21,73,3,2024-10-09 18:13:07.190000000,""
33751,43,82,3,2022-01-28 19:43:29.337000000,"Typo"
33756,23,72,3,2019-10-02 20:15:03.390000000,""
33756,23,82,3,2019-10-02 20:15:03.407000000,"Revisions based on CRs 10901, 11322, 11333"
33766,25,82,3,2019-11-21 23:29:38.430000000,"Revision based on CR 10901"
33771,42,82,3,2020-10-23 11:48:42.533000000,"To comply with CR 10901 and new GWS template."
33774,15,82,3,2019-12-06 14:18:44.877000000,""
33784,21,82,3,2020-02-14 17:24:42.973000000,""
33785,40,73,3,2022-11-11 16:09:24.250000000,""
33786,16,82,3,2020-02-14 17:26:33.470000000,""
33787,35,55,3,2025-03-25 17:48:17.590000000,""
33787,35,73,3,2025-03-25 17:48:17.590000000,""
33788,15,55,3,2020-02-14 19:47:57.833000000,""
33788,15,82,3,2020-02-14 19:47:57.833000000,""
33789,35,82,3,2023-08-11 14:40:56.213000000,"NCD 280.16"
33790,20,55,3,2020-02-28 19:37:39.567000000,""
33790,20,82,3,2020-02-28 19:37:39.567000000,""
33791,15,55,3,2020-02-14 19:36:03.500000000,""
33791,15,82,3,2020-02-14 19:36:03.500000000,""
33792,41,55,3,2025-03-25 17:58:10.287000000,""
33792,41,73,3,2025-03-25 17:58:10.287000000,""
33793,20,73,3,2020-10-09 14:39:09.520000000,""
33794,153,73,3,2024-10-08 16:36:37.340000000,""
33795,29,82,3,2020-02-13 18:29:06.700000000,""
33796,24,55,3,2023-12-07 16:02:52.427000000,""
33796,24,82,3,2023-12-07 16:02:52.427000000,"CMS Final Rule CMS-1780-F"
33797,50,55,3,2023-04-14 14:44:48.630000000,""
33797,50,82,3,2023-04-14 14:44:48.630000000,"NCD 240.2 updates"
33799,15,55,3,2020-02-14 17:00:49.880000000,""
33799,15,82,3,2020-02-14 17:00:49.880000000,""
33800,29,55,3,2023-12-07 16:04:45.217000000,""
33800,29,82,3,2023-12-07 16:04:45.217000000,"CMS Final Rule CMS-1780-F"
33801,26,55,3,2023-05-11 16:29:16.180000000,""
33801,26,76,3,2023-05-11 16:29:16.180000000,""
33802,35,55,3,2023-12-07 16:05:36.487000000,""
33802,35,82,3,2023-12-07 16:05:36.487000000,"CMS Final Rule CMS-1780-F"
33803,47,55,3,2023-12-07 16:26:12.210000000,""
33803,47,82,3,2023-12-07 16:26:12.210000000,"CMS Final Rule CMS-1780-F"
33813,15,82,3,2019-11-22 23:51:45.493000000,"Revision based on CR 10901"
33818,15,82,3,2019-11-22 23:59:45.703000000,"Revision based on CR10901"
33820,21,82,3,2020-02-13 18:29:06.557000000,""
33821,28,55,3,2023-12-07 16:01:25.477000000,""
33821,28,82,3,2023-12-07 16:01:25.477000000,"CMS Final Rule CMS-1780-F"
33822,70,55,3,2024-10-09 17:58:34.553000000,""
33822,70,73,3,2024-10-09 17:58:34.553000000,""
33823,26,82,3,2020-02-13 14:39:15.050000000,""
33824,46,55,3,2025-05-15 19:42:22.103000000,""
33824,46,82,3,2025-05-15 19:42:22.103000000,"Based on CMS direction"
33825,17,82,3,2020-02-13 14:39:15.287000000,""
33826,20,55,3,2023-12-07 16:23:00.820000000,""
33826,20,82,3,2023-12-07 16:23:00.820000000,"CMS Final Rule CMS-1780-F"
33827,50,55,3,2025-01-07 20:46:35.653000000,""
33827,50,73,3,2025-01-07 20:46:35.653000000,""
33828,27,55,3,2023-12-07 16:25:33.037000000,""
33828,27,82,3,2023-12-07 16:25:33.037000000,"CMS Final Rule CMS-1780-F"
33830,22,55,3,2021-03-12 14:26:36.030000000,""
33831,48,55,3,2024-02-08 14:03:11.307000000,""
33831,48,82,3,2024-02-08 14:03:11.307000000,"CMS Final Rule CMS-1780-F"
33832,18,55,3,2023-12-07 16:24:19.803000000,""
33832,18,82,3,2023-12-07 16:24:19.803000000,"CMS Final Rule CMS-1780-F"
33833,26,82,3,2025-03-14 11:32:41.873000000,"In response to Executive Order 14168"
33906,59,82,3,2023-10-13 11:05:18.633000000,"Inquiry"
33907,15,82,3,2021-11-05 13:16:56.767000000,"Revision based on CR 12079"
33912,16,72,3,2019-10-02 20:28:20.253000000,""
33912,16,82,3,2019-10-02 20:28:20.253000000,"Revisions based on CRs 10901, 11332, 11333"
33922,12,82,3,2019-11-23 00:07:50.503000000,"Revision based on CR10901"
33923,14,72,3,2019-10-02 20:30:45.970000000,""
33923,14,82,3,2019-10-02 20:30:45.970000000,"Revisions based on CRs 10901, 11322"
33930,49,75,3,2024-08-02 18:34:08.893000000,""
33933,30,82,3,2019-11-23 00:34:54.393000000,"Revision based on CR 10901"
33937,18,82,3,2019-10-25 16:14:15.983000000,"Revision based on CR 10901"
33941,23,72,3,2019-10-02 20:32:12.240000000,""
33941,23,82,3,2019-10-02 20:32:12.240000000,"Revisions based on CRs 10901, 11322"
33942,48,75,3,2024-07-11 14:14:53.887000000,""
33943,23,82,3,2024-11-25 19:51:40.360000000,"Annual Review "
33944,26,82,3,2024-10-29 11:35:36.330000000,"Annual Review "
33945,20,82,3,2025-01-31 18:58:07.063000000,"Annual Review "
33946,16,82,3,2024-10-29 11:50:17.397000000,"Annual Review"
33947,23,82,3,2024-09-27 18:21:31.657000000,"Annual Review "
33949,25,82,3,2025-01-31 18:13:16.827000000,"Annual Review "
33950,37,82,3,2024-11-25 19:53:02.427000000,"Annual Review "
33952,18,82,3,2024-11-25 20:06:52.210000000,"Annual Review "
33954,26,82,3,2023-12-29 17:37:07.853000000,"Annual Review"
33958,14,82,3,2019-10-16 20:45:53.117000000,"Revision based on CR 10901"
33959,35,82,3,2024-10-29 11:54:09.983000000,"Annual Review "
33960,26,82,3,2025-01-31 18:48:04.383000000,"Annual Review"
33966,18,72,3,2019-10-02 20:34:12.770000000,""
33966,18,82,3,2019-10-02 20:34:12.770000000,"Revisions based on CRs 10901, 11322"
33967,25,82,3,2021-02-19 15:26:00.870000000,"IOM Manual change"
33975,25,82,3,2021-07-02 13:38:55.270000000,"Revision based on CR 12254"
33977,18,76,3,2019-10-25 16:34:54.560000000,""
33977,18,82,3,2019-10-25 16:34:54.577000000,"Revisions based on CR 10901"
33979,35,105,3,2019-09-18 20:57:11.653000000,""
33996,31,82,3,2024-07-29 18:03:10.220000000,"Annual Review "
33999,20,82,3,2025-01-31 19:35:56.423000000,"Annual Review "
34005,33,82,3,2025-01-31 16:03:44.837000000,"Annual Review "
34007,48,70,3,2022-12-16 13:47:09.357000000,""
34008,22,82,3,2025-01-31 19:34:12.823000000,"Annual Review "
34010,37,82,3,2020-01-29 22:53:41.370000000,"The LCD is revised to remove CPT/HCPCS codes in the Keyword Section of the LCD.<br />"
34011,17,72,3,2019-10-02 19:32:13.257000000,""
34011,17,82,3,2019-10-02 19:32:13.257000000,"Revisions based on CRs 10901,11322, 11333"
34018,18,82,3,2021-11-05 13:37:46.070000000,"Revised in response to CMS CR 12079"
34021,18,82,3,2019-11-21 23:47:16.613000000,"Revision based on CR10901"
34027,14,82,3,2019-09-18 13:19:44.200000000,"Revisions based on CR 10901"
34028,16,69,3,2021-01-29 16:02:40.830000000,""
34032,32,82,3,2024-09-27 18:25:22.400000000,"Annual Review "
34037,21,82,3,2025-02-21 17:26:42.423000000,"Annual Review "
34038,25,105,3,2019-09-15 01:27:14.653000000,""
34040,33,55,3,2025-05-27 12:00:05.043000000,""
34045,37,55,3,2025-06-05 15:43:56.473000000,""
34046,28,82,3,2024-07-29 20:04:48.297000000,"Annual Review "
34049,35,82,3,2025-05-23 19:44:02.257000000,"Annual Review "
34051,42,75,3,2022-04-01 16:03:34.763000000,""
34056,26,82,3,2024-09-27 18:44:44.903000000,"Annual Review"
34061,24,82,3,2024-07-29 20:03:00.557000000,"Annual Review "
34062,41,82,3,2025-01-31 16:33:15.993000000,"Annual Review"
34063,17,82,3,2024-07-29 16:17:14.087000000,"Annual Review "
34064,22,82,3,2025-03-18 16:38:39.073000000,"Annual Review "
34074,33,76,3,2020-02-06 01:19:45.127000000,""
34076,23,82,3,2022-02-10 15:45:45.740000000,"Updated Last Review Date."
34081,25,82,3,2025-02-25 16:50:00.737000000,"Annual Review"
34082,26,82,3,2024-09-27 18:48:59.110000000,"Annual Review "
34084,22,82,3,2024-08-26 16:29:36.573000000,"Annual Review "
34085,17,82,3,2025-03-26 16:25:21.960000000,"Annual Review "
34087,19,82,3,2024-08-26 16:22:07.420000000,"Annual Review "
34090,21,82,3,2025-03-18 15:16:57.633000000,"Annual Review "
34106,46,75,3,2021-08-04 19:56:50.123000000,""
34149,51,75,3,2023-11-09 16:27:36.157000000,""
34163,29,82,3,2020-01-29 20:38:48.087000000,"The LCD is revised to remove CPT/HCPCS codes in the Keyword Section of the LCD.<br />"
34171,17,82,3,2025-05-30 20:58:26.743000000,"Annual Review "
34175,31,82,3,2025-05-30 18:57:33.580000000,"Annual Review "
34181,26,82,3,2025-05-23 18:44:41.200000000,"Annual Review "
34183,19,82,3,2025-03-26 18:22:09.193000000,"Annual Review "
34194,23,105,3,2019-09-20 16:40:57.403000000,""
34195,27,82,3,2025-04-25 20:23:52.630000000,"Annual Review "
34196,29,82,3,2025-03-26 19:04:20.543000000,"Annual Review "
34200,28,82,3,2024-07-29 16:26:20.843000000,"Annual Review "
34203,25,55,3,2023-06-09 17:52:05.507000000,""
34209,37,82,3,2020-01-29 20:42:10.687000000,"The LCD is revised to remove CPT/HCPCS codes in the Keyword Section of the LCD.<br />"
34211,37,75,3,2024-04-02 19:30:56.993000000,""
34213,51,82,3,2020-05-14 15:17:18.507000000,"Broken Link"
34215,58,55,3,2022-01-12 19:03:46.880000000,""
34218,25,82,3,2022-02-10 15:41:23.550000000,"Updated Last Review Date."
34220,37,82,3,2022-08-16 18:44:37.820000000,"Removed broken link."
34228,51,55,3,2020-11-18 23:26:37.867000000,""
34233,32,105,3,2019-09-18 20:55:51.417000000,""
34246,24,82,3,2024-07-29 16:29:42.553000000,"Annual Review "
34313,18,72,3,2019-09-18 20:28:46.187000000,""
34313,18,105,3,2019-09-18 20:28:46.187000000,""
34314,47,69,3,2020-02-06 01:07:19.960000000,""
34315,37,82,3,2020-01-27 21:25:52.127000000,"The LCD is revised to remove CPT/HCPCS codes in the Keyword Section of the LCD."
34324,34,105,3,2019-09-19 14:24:50.160000000,""
34328,40,82,3,2020-01-29 20:26:23.833000000,"The LCD is revised to remove CPT/HCPCS codes in the Keyword Section of the LCD.<br />"
34337,22,82,3,2024-08-26 18:50:20.560000000,"Annual Review "
34338,33,82,3,2024-09-27 18:30:17.927000000,"Annual Review "
34353,32,82,3,2025-05-23 19:52:44.043000000,"Annual Review "
34356,30,82,3,2025-02-25 16:54:16.710000000,"Annual Review "
34372,22,82,3,2020-06-19 23:03:18.740000000,"Revision based on CMS directive"
34380,41,105,3,2019-09-11 17:53:42.303000000,""
34393,24,82,3,2025-04-25 20:35:53.350000000,"Annual Review"
34394,26,82,3,2024-09-27 17:46:01.847000000,"Annual Review "
34399,29,82,3,2025-05-23 19:00:52.150000000,"Annual Review "
34410,39,55,3,2021-06-04 14:35:33.197000000,""
34411,46,55,3,2021-05-14 12:08:17.450000000,""
34413,53,55,3,2024-11-14 12:41:41.287000000,""
34415,58,55,3,2022-07-07 19:56:19.303000000,""
34417,57,55,3,2023-08-07 14:35:20.550000000,""
34419,43,55,3,2024-01-19 15:27:05.900000000,""
34424,47,55,3,2024-12-06 14:10:33.903000000,""
34425,43,55,3,2025-02-11 21:03:48.647000000,""
34426,55,55,3,2021-07-06 14:32:38.990000000,""
34427,100,55,3,2023-04-03 14:41:01.380000000,""
34428,93,55,3,2023-05-08 14:05:03.023000000,""
34429,63,55,3,2022-12-02 16:36:22.410000000,""
34429,63,82,3,2022-12-02 16:36:22.410000000,"LCD revision that makes a Non-Discretionary Coverage Update - Contractors shall update LCDs to reflect changes in Statutes, Federal regulations, CMS Rulings, NCDs, HCPCS code changes for DME, coverage provisions in interpretive manuals, and payment policies."
34430,46,55,3,2021-07-16 12:59:56.857000000,""
34431,60,55,3,2021-08-02 19:02:20.987000000,""
34433,43,55,3,2024-09-06 13:36:01.303000000,""
34434,68,55,3,2025-05-29 13:06:54.523000000,""
34454,67,55,3,2024-12-13 15:31:40.087000000,""
34512,48,75,3,2022-06-01 14:48:13.937000000,""
34513,41,55,3,2023-08-01 13:30:10.580000000,""
34519,33,82,3,2021-12-03 13:39:17.443000000,"Revised due to a new related LCD."
34520,32,82,3,2020-06-19 23:06:03.347000000,"Revision based on CMS directive"
34521,7,82,3,2019-11-21 23:42:25.600000000,"Revision based on CR10901"
34522,29,70,3,2022-10-21 14:48:47.407000000,""
34526,24,82,3,2025-06-16 19:53:40.627000000,"Review"
34528,36,82,3,2023-12-20 14:18:58.673000000,"Review"
34536,34,82,3,2023-08-23 15:30:27.987000000,"Review"
34537,45,55,3,2021-09-03 12:52:17.397000000,""
34538,19,75,3,2024-07-11 14:20:42.977000000,""
34539,15,82,3,2025-03-28 21:02:22.543000000,"Annual Review "
34540,14,82,3,2024-08-26 19:50:28.600000000,"Annual Review"
34541,20,82,3,2024-09-27 17:40:53.160000000,"Annual Review "
34544,47,55,3,2024-07-23 15:47:04.930000000,""
34547,40,55,3,2024-11-06 19:24:38.180000000,""
34548,43,55,3,2024-03-11 13:41:15.383000000,""
34551,32,55,3,2022-04-25 14:57:04.620000000,""
34552,40,55,3,2024-12-13 15:30:52.540000000,""
34553,47,55,3,2024-07-08 13:38:00.647000000,""
34554,34,55,3,2024-07-02 19:54:29.053000000,""
34558,40,55,3,2023-12-29 17:59:04.383000000,""
34559,43,55,3,2024-11-13 14:22:41.743000000,""
34560,76,55,3,2022-06-03 23:05:09.523000000,""
34561,69,55,3,2023-11-03 16:02:26.037000000,""
34562,43,55,3,2024-03-07 13:26:14.487000000,""
34563,51,55,3,2023-05-01 14:03:09.140000000,""
34564,83,55,3,2024-05-17 13:26:57.183000000,""
34565,40,55,3,2023-11-21 14:58:50.400000000,""
34567,43,55,3,2024-02-23 13:43:02.167000000,""
34570,52,55,3,2025-04-09 15:19:10.780000000,""
34573,28,55,3,2024-02-27 14:54:54.207000000,""
34573,28,69,3,2024-02-27 14:54:54.207000000,""
34575,43,55,3,2023-06-05 14:09:28.300000000,""
34576,67,55,3,2024-01-05 17:08:37.440000000,""
34577,64,55,3,2019-10-29 13:38:05.523000000,""
34578,30,55,3,2023-08-07 14:34:47.700000000,""
34580,57,55,3,2024-03-28 15:28:35.577000000,""
34594,42,82,3,2025-05-20 17:30:00.323000000,"Review"
34596,50,82,3,2023-10-17 17:08:35.987000000,"Review"
34614,43,82,3,2024-08-21 17:46:01.463000000,"Review"
34615,42,82,3,2025-05-20 16:37:52.927000000,"Review"
34616,42,82,3,2024-10-21 18:59:25.463000000,"Review"
34623,36,82,3,2024-01-23 14:50:48.110000000,"(Review)"
34624,40,82,3,2023-09-19 11:48:28.040000000,"Review"
34633,54,76,3,2025-05-20 19:48:15.950000000,""
34633,54,82,3,2025-05-20 19:48:15.950000000,""
34635,34,55,3,2023-09-19 11:38:15.170000000,""
34636,36,82,3,2023-09-19 11:55:19.707000000,""
34641,25,55,3,2024-04-16 13:25:48.707000000,""
34645,49,82,3,2023-09-21 12:15:51.087000000,""
34646,26,55,3,2024-10-21 19:08:17.663000000,""
34648,29,55,3,2023-12-20 13:46:29.510000000,""
34658,34,82,3,2023-09-19 12:00:19.407000000,"Review"
34659,30,76,3,2024-08-21 17:36:58.267000000,""
34659,30,82,3,2024-08-21 17:36:58.267000000,""
34760,27,82,3,2025-06-17 16:52:50.327000000,"Review"
34761,32,82,3,2023-12-20 14:28:55.740000000,"Review"
34771,49,82,3,2024-02-21 13:02:36.750000000,"(Review)"
34821,21,55,3,2020-02-21 19:19:45.260000000,""
34821,21,82,3,2020-02-21 19:19:45.260000000,""
34823,27,55,3,2020-02-21 14:37:48.930000000,""
34823,27,82,3,2020-02-21 14:37:48.930000000,""
34824,21,82,3,2020-02-13 15:27:43.927000000,""
34833,94,82,3,2020-08-07 12:16:43.957000000,"Non-substantive revision"
34859,34,70,3,2023-10-20 14:23:10.187000000,""
34865,72,82,3,2020-06-19 10:56:49.040000000,"Revised in response to CMS direction"
34869,42,55,3,2025-01-07 13:08:27.700000000,""
34887,53,82,3,2025-03-14 11:32:04.047000000,"In response to Executive Order 14168"
34892,123,75,3,2024-08-02 18:33:04.583000000,""
34912,20,73,3,2019-10-04 16:07:01.283000000,""
34912,20,82,3,2019-10-04 16:07:01.283000000,"CRs 10901,  and 11406, 11412, and 11451"
34914,68,82,3,2020-06-19 13:56:54.210000000,"Revised in response to CMS direction"
34924,79,70,3,2020-11-06 12:02:23.097000000,""
34938,68,82,3,2019-09-20 18:03:20.640000000,"CMS Change Request 10901"
34961,48,82,3,2019-11-08 17:28:42.810000000,"CMS Change Request 10901"
34975,67,82,3,2019-10-11 18:19:00.907000000,"CMS Change Request 10901"
34976,34,82,3,2021-05-21 12:52:15.303000000,"revisions to ensure alignment with Other Jurisdictions"
34998,33,70,3,2022-10-21 14:39:59.673000000,""
35000,149,55,3,2025-05-21 15:57:33.873000000,""
35001,11,75,3,2024-02-07 17:41:48.850000000,""
35003,61,82,3,2019-11-08 16:55:46.670000000,"CMS Change Request 10901"
35004,23,69,3,2021-01-29 16:01:59.333000000,""
35006,119,82,3,2019-10-11 18:17:50.250000000,"CMS Change Request 10901"
35007,81,82,3,2019-10-11 18:22:46.853000000,"CMS Change Request 10901"
35010,40,75,3,2022-08-26 15:43:38.023000000,""
35013,36,82,3,2019-09-06 18:24:25.540000000,"Changes in response to CMS Change Request"
35014,39,82,3,2019-09-19 12:49:03.653000000,"CMS Change Request 10901"
35016,36,82,3,2019-10-11 16:55:21.533000000,"CMS Change Request 10901"
35022,67,75,3,2021-05-07 12:09:12.713000000,""
35025,98,82,3,2024-08-26 19:38:13.407000000,"Annual review complete. No changes"
35026,75,55,3,2024-11-22 16:27:52.823000000,""
35028,10,105,3,2019-11-08 16:20:57.143000000,""
35035,74,82,3,2019-11-15 16:54:26.680000000,"Change in LCD process per CR 10901"
35038,76,82,3,2021-12-10 18:05:53.990000000,"Inquiry"
35041,140,55,3,2024-11-08 19:56:36.970000000,""
35041,140,82,3,2024-11-08 19:56:36.970000000,"Provider Request"
35048,82,55,3,2024-11-08 14:49:13.640000000,""
35049,58,82,3,2019-10-11 16:56:43.460000000,"Changes in response to CMS change request"
35050,55,82,3,2021-02-19 15:23:18.943000000,"due to a change in CMS national coverage"
35062,122,82,3,2021-12-03 13:28:39.683000000,"to remove overlapping information due to the new Pharmacogenomics LCD becoming effective"
35070,76,75,3,2020-08-06 16:33:38.560000000,""
35070,76,82,3,2020-08-06 16:33:38.560000000,"non-substantive revision to correct a typographical error"
35073,51,55,3,2023-07-20 14:44:40.583000000,""
35074,32,55,3,2021-02-19 18:16:09.413000000,""
35074,32,76,3,2021-02-19 18:16:09.413000000,""
35075,34,105,3,2019-11-01 15:17:17.093000000,""
35076,56,55,3,2020-02-07 19:21:07.047000000,""
35076,56,76,3,2020-02-07 19:21:07.047000000,""
35080,53,82,3,2022-02-04 14:04:03.093000000,"Removed hyperlink"
35081,85,70,3,2023-10-20 14:22:30.740000000,""
35083,108,82,3,2025-03-14 11:33:32.703000000,"In response to Executive Order 14168."
35089,30,82,3,2019-11-15 16:20:23.373000000,"CMS Change Request 10901"
35090,95,82,3,2022-05-13 11:22:01.073000000,"Third party request"
35091,103,82,3,2021-09-03 12:16:56.483000000,"In response to an inquiry"
35092,78,82,3,2019-11-01 17:44:07.047000000,"CMS Change Request 10901"
35093,114,70,3,2022-12-16 13:45:37.957000000,""
35098,27,105,3,2019-11-14 14:03:36.923000000,""
35099,60,82,3,2019-11-01 17:44:51.747000000,"CMS Change Request 10901"
35101,128,82,3,2024-02-22 17:58:41.470000000,"New Medicare benefit for MHCs and MFTs."
35121,33,82,3,2025-06-16 19:08:02.683000000,"Review"
35124,23,82,3,2023-10-17 15:53:58.347000000,"Review"
35125,76,82,3,2020-07-17 14:14:30.997000000,"revision to update current information"
35130,66,82,3,2021-05-21 12:53:05.017000000,"revisions to ensure alignment with Other Jurisdictions"
35132,54,55,3,2025-04-09 15:19:57.993000000,""
35136,33,82,3,2020-01-29 20:35:38.557000000,"The LCD is revised to remove CPT/HCPCS codes in the Keyword Section of the LCD.<br />"
35138,43,82,3,2019-10-11 16:53:44.467000000,"CMS Change Request 10901"
35160,59,55,3,2023-05-03 20:25:11.450000000,""
35163,28,75,3,2025-02-07 19:36:26.957000000,""
35170,54,55,3,2022-04-12 12:22:46.143000000,""
35172,68,55,3,2022-04-12 12:24:12.773000000,""
35175,63,82,3,2020-01-29 22:39:43.940000000,"The LCD is revised to remove CPT/HCPCS codes in the Keyword Section of the LCD.<br />"
35222,25,82,3,2023-11-20 13:17:47.027000000,"Review"
35249,19,82,3,2025-04-25 20:29:21.247000000,"Annual Review"
35350,60,82,3,2019-10-11 18:49:35.610000000,"Changes in response to CMS change request."
35391,17,82,3,2019-11-08 17:33:55.577000000,"CMS Change Request 10901"
35395,48,82,3,2019-11-08 16:26:43.600000000,"CMS Change Request 10901"
35396,220,82,3,2025-04-17 19:29:25.190000000,"Information overlapping with L39365 removed"
35397,64,82,3,2019-10-11 18:48:57.777000000,"CMS Change Request 10901"
35434,30,82,3,2019-10-11 16:54:43.247000000,"CMS change request"
35442,25,82,3,2025-02-20 13:33:54.877000000,"Annual REview"
35451,53,70,3,2023-12-08 14:05:44.250000000,""
35456,65,82,3,2022-07-14 17:27:39.237000000,"No Comments received within the specified Comment Period. No changes made to this Final LCD from the Proposed LCD."
35457,58,82,3,2022-07-14 17:28:24.567000000,"No Comments received within the specified Comment Period. No changes made to this Final LCD from the Proposed LCD."
35486,20,82,3,2023-10-17 15:49:19.603000000,"Review"
35490,81,82,3,2025-06-17 15:45:52.830000000,"(Correction)"
35494,28,55,3,2024-10-21 17:57:58.093000000,""
35494,28,82,3,2024-10-21 17:57:58.093000000,"Review"
35498,28,82,3,2023-10-17 16:50:45.307000000,"Review"
35526,33,105,3,2019-09-13 03:47:37.470000000,""
35677,88,55,3,2024-08-01 11:47:39.010000000,""
35702,26,82,3,2020-01-28 20:17:15.043000000,"The LCD is revised to remove CPT/HCPCS codes in the Keyword Section of the LCD."
35704,21,82,3,2020-01-29 21:20:30.210000000,"The LCD is revised to remove CPT/HCPCS codes in the Keyword Section of the LCD.<br />"
35724,80,55,3,2025-02-11 20:33:19.263000000,""
35751,47,55,3,2024-12-18 14:31:30.837000000,""
35751,47,82,3,2024-12-18 14:31:30.837000000,"Review"
35753,37,82,3,2023-10-17 17:26:03.533000000,""
35755,33,82,3,2023-11-20 13:28:47.310000000,""
35761,38,82,3,2023-10-17 17:14:15.533000000,"Review completed"
35891,34,82,3,2025-03-18 15:26:13.660000000,"Annual Review "
35897,31,82,3,2025-04-25 20:31:15.763000000,"Annual Review"
35906,24,82,3,2025-03-18 16:43:21.997000000,"Annual Review "
35922,44,55,3,2025-03-04 17:49:50.043000000,""
35936,50,55,3,2024-08-07 16:45:04.883000000,""
35974,28,55,3,2021-10-07 21:10:52.947000000,""
35984,22,82,3,2025-06-11 11:59:32.980000000,"Annual Review"
35986,35,55,3,2025-04-16 19:16:16.513000000,""
35998,34,82,3,2023-08-23 15:24:38.037000000,""
36000,19,82,3,2024-06-18 12:16:38.277000000,"(Review) "
36007,65,82,3,2019-11-08 17:26:40.903000000,"CMS Change Request 10901"
36021,48,82,3,2024-08-14 19:00:54.333000000,"Annual Review"
36029,43,82,3,2025-02-25 16:39:48.863000000,"Annual Review"
36039,12,75,3,2023-03-31 16:13:17.280000000,""
36044,58,55,3,2023-06-30 21:37:42.453000000,""
36089,30,55,3,2023-07-14 17:39:29.533000000,""
36094,55,55,3,2022-01-13 17:44:14.053000000,""
36113,23,82,3,2024-08-14 18:53:23.727000000,"Annual Review "
36117,35,82,3,2025-05-09 16:23:48.997000000,"Annual review"
36125,40,55,3,2021-04-15 20:45:38.147000000,""
36129,54,55,3,2024-03-14 16:30:33.283000000,""
36139,30,82,3,2025-02-06 16:32:29.003000000,"Annual Review "
36155,22,55,3,2023-07-13 19:09:21.033000000,""
36159,21,55,3,2023-07-13 19:11:58.153000000,""
36180,36,55,3,2023-06-29 19:13:30.690000000,""
36186,36,55,3,2023-06-29 19:15:15.640000000,""
36188,23,55,3,2021-10-05 14:20:15.097000000,""
36192,22,55,3,2021-10-05 14:21:40.297000000,""
36204,22,82,3,2020-01-29 22:49:03.100000000,"The LCD is revised to remove CPT/HCPCS codes in the Keyword Section of the LCD.<br />"
36236,17,105,3,2019-09-06 16:08:12.510000000,""
36240,57,67,3,2024-02-09 13:57:48.667000000,""
36241,98,70,3,2021-05-21 14:21:28.047000000,""
36256,51,55,3,2023-05-03 20:24:05.177000000,""
36267,40,55,3,2025-03-26 18:27:17.157000000,""
36267,40,73,3,2025-03-26 18:27:17.157000000,""
36286,21,105,3,2019-09-20 16:42:08.537000000,""
36335,24,55,3,2024-03-08 13:16:51.497000000,""
36339,23,55,3,2024-03-08 13:19:07.377000000,""
36351,36,75,3,2022-11-02 11:18:40.303000000,""
36353,34,75,3,2022-11-02 11:19:45.463000000,""
36358,38,55,3,2024-03-21 12:19:04.700000000,""
36362,33,55,3,2024-03-21 12:26:00.020000000,""
36377,19,55,3,2024-11-08 19:58:53.447000000,""
36377,19,82,3,2024-11-08 19:58:53.447000000,"Provider Request"
36380,26,55,3,2021-04-14 12:02:43.813000000,""
36386,23,55,3,2021-04-14 12:01:56.970000000,""
36393,37,72,3,2019-10-02 19:18:06.770000000,""
36393,37,82,3,2019-10-02 19:18:06.783000000,"Revisions based on CRs 10901, 11322, 11333"
36400,18,82,3,2023-07-19 12:27:50.937000000,"Review"
36402,35,82,3,2024-09-17 12:04:32.313000000,"Review"
36406,9,82,3,2019-10-18 14:29:40.360000000,""
36408,31,82,3,2023-10-17 17:20:02.210000000,"Review"
36425,19,82,3,2024-02-06 15:24:46.847000000,"Annual review"
36427,38,55,3,2021-10-22 15:53:35.433000000,""
36460,25,82,3,2023-12-29 17:34:29.137000000,"Annual Review"
36464,27,55,3,2023-08-16 18:37:06.653000000,""
36469,24,55,3,2024-05-30 16:40:19.790000000,""
36485,21,82,3,2024-09-14 23:08:20.010000000,"Annual Review"
36499,28,82,3,2025-03-14 13:45:14.817000000,"In response to Executive Order 14168"
36523,33,82,3,2024-03-20 13:04:33.977000000,"Review"
36524,40,75,3,2022-04-27 17:28:44.310000000,""
36526,32,75,3,2022-04-27 17:29:37.027000000,""
36538,18,82,3,2020-01-29 20:40:26.510000000,"The LCD is revised to remove CPT/HCPCS codes in the Keyword Section of the LCD.<br />"
36544,17,55,3,2021-07-08 13:39:48.227000000,""
36551,18,55,3,2021-07-08 13:39:02.980000000,""
36569,18,82,3,2020-01-29 22:52:01.220000000,"The LCD is revised to remove CPT/HCPCS codes in the Keyword Section of the LCD.<br />"
36573,16,82,3,2020-01-29 22:50:38.497000000,"The LCD is revised to remove CPT/HCPCS codes in the Keyword Section of the LCD.<br />"
36575,17,82,3,2020-01-29 20:39:33.307000000,"The LCD is revised to remove CPT/HCPCS codes in the Keyword Section of the LCD.<br />"
36577,16,82,3,2020-01-29 22:51:18.210000000,"The LCD is revised to remove CPT/HCPCS codes in the Keyword Section of the LCD.<br />"
36593,37,55,3,2025-03-10 14:00:13.327000000,""
36658,20,82,3,2024-09-27 17:34:50.717000000,"Annual Review"
36665,19,55,3,2021-12-22 20:08:14.763000000,""
36668,44,55,3,2024-12-23 11:38:27.590000000,""
36675,18,82,3,2024-11-08 16:03:30.693000000,"Annual Review "
36678,30,55,3,2021-02-23 16:10:52.307000000,""
36680,25,55,3,2021-02-23 16:23:31.653000000,""
36690,35,75,3,2025-04-18 14:36:19.310000000,""
36692,26,75,3,2022-04-01 16:02:36.650000000,""
36700,15,82,3,2020-01-29 22:48:18.007000000,"The LCD is revised to remove CPT/HCPCS codes in the Keyword Section of the LCD.<br />"
36702,16,82,3,2020-01-29 20:33:22.973000000,"The LCD is revised to remove CPT/HCPCS codes in the Keyword Section of the LCD.<br />"
36704,20,55,3,2021-12-20 22:57:37.053000000,""
36706,20,55,3,2021-12-20 23:03:16.400000000,""
36707,39,55,3,2024-12-23 11:39:59.927000000,""
36715,58,82,3,2025-03-14 13:46:40.837000000,"In response to Executive Order 14168"
36761,20,55,3,2023-07-21 14:54:35.063000000,""
36767,27,72,3,2019-10-02 19:08:24.057000000,""
36767,27,82,3,2019-10-02 19:08:24.057000000,"Revisions based on CR 10901"
36797,20,82,3,2023-07-19 12:45:41.827000000,"Review"
36805,25,55,3,2025-02-20 18:54:46.223000000,""
36807,45,55,3,2025-05-20 15:47:07.530000000,""
36811,16,82,3,2025-04-22 16:46:15.113000000,"Review"
36815,25,82,3,2023-07-19 12:35:34,""
36831,34,105,3,2019-10-11 13:23:42.763000000,""
36839,23,82,3,2025-06-17 13:58:13.847000000,"Review"
36846,17,82,3,2020-01-28 18:30:59.233000000,"The LCD is revised to remove CPT/HCPCS codes in the Keyword Section of the LCD."
36850,24,105,3,2019-11-15 15:50:43.287000000,""
36857,16,82,3,2020-01-29 21:18:46.290000000,"The LCD is revised to remove CPT/HCPCS codes in the Keyword Section of the LCD.<br />"
36859,26,75,3,2024-04-02 19:40:30.023000000,""
36861,24,55,3,2025-05-27 11:58:45.690000000,""
36864,18,57,3,2021-02-23 20:12:50.740000000,""
36866,17,55,3,2021-02-23 20:13:52.303000000,""
36868,24,82,3,2020-05-14 15:19:04.443000000,"Broken Link"
36889,24,72,3,2019-09-19 19:13:10.843000000,""
36889,24,105,3,2019-09-19 19:13:10.843000000,""
36902,15,82,3,2025-02-21 18:07:45.950000000,"Annual Review "
36906,19,82,3,2025-03-18 15:01:53.503000000,"Annual Review"
36912,30,55,3,2021-12-01 21:16:30.203000000,""
36920,92,82,3,2023-10-13 11:04:21.210000000,"Inquiry"
36941,21,55,3,2021-12-21 19:38:30.373000000,""
36947,20,55,3,2021-12-21 19:42:33.753000000,""
36951,19,82,3,2025-02-20 13:17:18.257000000,"Annual REview"
36975,22,82,3,2025-01-31 18:33:17.027000000,"Annual Review "
37001,19,82,3,2023-08-23 15:36:10.440000000,"Review"
37003,14,55,3,2023-08-23 14:54:58.377000000,""
37011,22,82,3,2023-12-20 13:57:40.877000000,""
37015,25,82,3,2023-09-19 11:43:42.120000000,"(review)"
37020,25,75,3,2025-02-07 19:40:02.887000000,""
37022,30,55,3,2024-04-16 16:35:42.163000000,""
37027,19,55,3,2023-06-09 17:59:05.260000000,""
37031,35,55,3,2022-04-21 18:28:14.323000000,""
37033,30,55,3,2022-06-20 21:35:19.750000000,""
37054,21,55,3,2022-04-30 17:14:11.990000000,""
37062,22,55,3,2022-04-30 17:17:01.287000000,""
37066,28,55,3,2021-02-15 15:34:26.443000000,""
37068,22,55,3,2021-02-15 15:35:00.470000000,""
37070,25,55,3,2022-06-23 13:25:15.273000000,""
37072,22,55,3,2022-06-23 14:34:08.617000000,""
37086,26,55,3,2023-06-28 22:27:15.760000000,""
37088,21,55,3,2023-06-28 22:32:13.477000000,""
37126,21,82,3,2025-01-31 18:21:46.737000000,"Annual Review "
37130,21,82,3,2025-05-13 15:47:25.640000000,"Annual Review"
37166,22,82,3,2020-07-22 20:49:29.197000000,"Revisions based on review"
37176,57,55,3,2024-10-11 15:38:16.277000000,""
37199,14,82,3,2023-10-17 17:32:51.527000000,"(Review)"
37205,15,82,3,2023-11-20 13:24:22.917000000,"Review"
37210,19,82,3,2024-06-18 11:56:28.020000000,""
37216,23,82,3,2023-03-22 14:11:11.653000000,"Review"
37228,24,82,3,2025-03-18 12:13:44.510000000,""
37244,39,55,3,2024-09-23 11:07:14.357000000,""
37244,39,70,3,2024-09-23 11:07:14.357000000,""
37254,15,82,3,2025-01-31 18:19:43.243000000,""
37260,27,55,3,2025-03-04 16:04:24.010000000,""
37264,21,55,3,2021-05-13 21:21:12.460000000,""
37281,22,82,3,2022-08-16 18:46:54.313000000,"Removed broken link."
37283,16,82,3,2020-01-29 20:51:03.113000000,"The LCD is revised to remove CPT/HCPCS codes in the Keyword Section of the LCD.<br />"
37293,27,75,3,2023-11-09 16:28:22.337000000,""
37295,21,55,3,2021-05-19 19:25:56.567000000,""
37295,21,56,3,2021-05-19 19:25:56.567000000,""
37295,21,57,3,2021-05-19 19:25:56.567000000,""
37295,21,58,3,2021-05-19 19:25:56.567000000,""
37295,21,59,3,2021-05-19 19:25:56.567000000,""
37295,21,60,3,2021-05-19 19:25:56.567000000,""
37295,21,61,3,2021-05-19 19:25:56.567000000,""
37295,21,62,3,2021-05-19 19:25:56.567000000,""
37295,21,63,3,2021-05-19 19:25:56.567000000,""
37295,21,64,3,2021-05-19 19:25:56.567000000,""
37295,21,65,3,2021-05-19 19:25:56.567000000,""
37295,21,66,3,2021-05-19 19:25:56.567000000,""
37295,21,67,3,2021-05-19 19:25:56.567000000,""
37295,21,68,3,2021-05-19 19:25:56.567000000,""
37295,21,69,3,2021-05-19 19:25:56.567000000,""
37299,29,55,3,2025-03-04 17:35:40.630000000,""
37311,20,55,3,2021-05-19 20:43:29.540000000,""
37313,25,55,3,2025-03-04 17:36:24.663000000,""
37352,24,57,3,2025-02-10 17:16:03.173000000,""
37356,16,82,3,2025-04-25 12:04:02.817000000,"Annual Review "
37360,17,82,3,2020-01-29 22:44:12.943000000,"The LCD is revised to remove CPT/HCPCS codes in the Keyword Section of the LCD.<br />"
37371,42,82,3,2019-11-15 16:21:01.760000000,"CMS Change Request 10901"
37373,37,82,3,2020-01-29 20:20:55.817000000,"The LCD is revised to remove CPT/HCPCS codes in the Keyword Section of the LCD.<br />"
37379,37,55,3,2021-06-03 19:36:43.690000000,""
37387,25,55,3,2024-12-13 15:33:56.187000000,""
37398,21,82,3,2019-11-21 23:55:13.177000000,"Revision based on CR10901"
37421,24,75,3,2023-03-31 16:18:44.150000000,""
37475,17,105,3,2019-09-20 14:41:33.607000000,""
37502,18,105,3,2019-09-20 19:50:38.640000000,""
37504,16,105,3,2019-09-20 20:06:01.530000000,""
37531,20,55,3,2024-09-24 14:41:26.133000000,""
37531,20,66,3,2024-09-24 14:41:26.133000000,""
37531,20,67,3,2024-09-24 14:41:26.133000000,""
37531,20,70,3,2024-09-24 14:41:26.133000000,""
37531,20,76,3,2024-09-24 14:41:26.133000000,""
37535,18,75,3,2021-09-24 12:10:19.097000000,""
37537,18,82,3,2024-03-20 13:31:07.180000000,"Change in Assigned States of Affiliated Contract Numbers"
37539,17,82,3,2025-02-20 15:35:58.950000000,"Review"
37547,17,82,3,2023-12-11 15:30:07.063000000,"Removed broken hyperlink."
37549,17,82,3,2023-12-11 15:30:39.427000000,"Removed broken hyperlink."
37561,20,82,3,2025-03-14 13:47:39.230000000,"In response to Executive Order 14168"
37564,12,82,3,2019-09-27 19:49:15.947000000,"Revision based on CR 10901"
37575,21,82,3,2025-02-21 17:36:33.010000000,"Annual Review "
37578,28,82,3,2025-03-18 16:17:31.733000000,"Annual Review "
37581,24,55,3,2025-03-04 17:49:12.670000000,""
37598,20,57,3,2025-02-10 16:09:36.590000000,""
37602,15,55,3,2023-07-07 15:31:49.073000000,""
37606,17,55,3,2025-05-21 17:17:11.780000000,""
37608,18,82,3,2024-07-29 18:45:12.027000000,"Annual Review "
37616,15,75,3,2025-02-11 17:34:07.107000000,""
37618,15,75,3,2025-02-11 17:36:49.387000000,""
37620,15,55,3,2022-06-23 14:30:53.227000000,""
37622,15,55,3,2022-06-23 18:28:19.940000000,""
37628,21,55,3,2021-02-16 20:47:28.413000000,""
37630,20,55,3,2021-02-16 20:52:16.150000000,""
37632,26,57,3,2021-05-04 13:40:38.277000000,""
37633,26,55,3,2020-08-03 18:23:41.157000000,""
37638,31,55,3,2024-10-15 12:12:12.230000000,""
37641,16,55,3,2022-06-16 20:21:39.793000000,""
37642,18,55,3,2024-09-27 12:15:16.417000000,""
37643,24,55,3,2019-11-27 20:33:35.567000000,""
37644,22,55,3,2022-03-03 14:41:12.540000000,""
37663,20,82,3,2025-04-22 17:06:53.533000000,"Review"
37725,44,55,3,2025-06-20 14:32:21.710000000,""
37729,24,76,3,2023-06-09 17:44:28.480000000,""
37738,22,76,3,2023-06-09 17:45:45.940000000,""
37748,28,55,3,2025-06-19 12:10:14.917000000,""
37750,29,55,3,2025-06-19 12:09:26.670000000,""
37761,22,55,3,2024-04-10 15:59:09.317000000,""
37761,22,76,3,2024-04-10 15:59:09.317000000,""
37772,14,82,3,2023-05-23 14:35:46.800000000,"review"
37774,15,55,3,2024-01-12 15:09:16.150000000,""
37779,16,55,3,2021-07-23 13:56:38.510000000,""
37790,19,82,3,2024-08-26 19:36:30.627000000,"Annual Review "
37792,16,76,3,2019-11-08 16:34:32.013000000,""
37794,18,55,3,2021-10-19 16:25:09.617000000,""
37798,13,70,3,2019-11-15 22:09:04.983000000,""
37800,19,67,3,2024-02-09 13:59:21.030000000,""
37810,17,55,3,2022-02-02 14:47:19.930000000,""
37810,17,67,3,2022-02-02 14:47:19.930000000,""
37822,16,55,3,2021-12-27 15:43:32.720000000,""
37824,16,55,3,2021-12-27 15:55:37.463000000,""
37826,28,55,3,2024-09-06 13:35:05.440000000,""
37832,20,82,3,2024-11-13 16:44:31.693000000,"Annual Review"
37848,18,55,3,2024-09-06 13:40:51.080000000,""
37857,20,55,3,2023-06-19 15:03:38.837000000,""
37863,25,55,3,2023-04-10 14:16:23.270000000,""
37870,19,55,3,2021-10-06 13:14:45.420000000,""
37873,14,55,3,2023-04-24 14:34:59.870000000,""
37887,24,55,3,2023-06-19 19:19:25.267000000,""
37891,23,55,3,2023-06-19 19:20:02.347000000,""
37893,30,82,3,2020-11-06 12:54:16.223000000,"To assure beneficiary access to care."
37897,15,55,3,2021-10-05 13:58:55.607000000,""
37899,13,55,3,2021-10-05 14:08:40.890000000,""
37903,18,82,3,2025-06-11 12:02:30.137000000,"Annual Review"
37905,17,82,3,2025-05-13 15:46:03.190000000,"Annual Review"
37913,15,82,3,2025-04-22 16:34:47.813000000,"(Review)"
37919,12,55,3,2023-06-22 12:04:03.507000000,""
37921,16,82,3,2023-11-20 13:38:46.787000000,"Review"
38014,8,75,3,2022-03-01 20:04:41.150000000,""
38016,21,55,3,2025-06-20 22:11:01.783000000,""
38018,18,82,3,2025-06-16 18:43:35.660000000,"Review"
38026,26,55,3,2024-04-08 14:09:58.350000000,""
38033,13,55,3,2023-04-17 14:53:33.250000000,""
38043,14,55,3,2025-02-26 17:41:11.660000000,""
38045,17,55,3,2023-06-02 19:33:34.693000000,""
38047,13,55,3,2024-03-22 15:19:24.167000000,""
38051,17,55,3,2024-06-14 13:58:07.753000000,""
38065,11,82,3,2024-11-13 16:49:09.463000000,"Annual Review"
38067,12,82,3,2024-08-14 19:35:38.913000000,"Annual Review "
38070,11,82,3,2025-02-06 16:55:20.757000000,"Annual Review "
38111,10,82,3,2025-05-13 19:10:13.697000000,"Annual Review "
38119,10,55,3,2023-08-07 13:59:14.643000000,""
38121,10,55,3,2023-08-08 12:32:53.133000000,""
38123,11,55,3,2024-03-21 12:07:48.023000000,""
38125,10,55,3,2024-03-21 12:08:43.250000000,""
38151,6,55,3,2024-06-13 11:53:22.060000000,""
38153,7,55,3,2024-06-13 11:54:30.923000000,""
38158,9,82,3,2023-06-22 11:56:04.130000000,""
38168,11,82,3,2025-02-18 20:19:10.417000000,"Review"
38176,11,82,3,2024-03-20 14:03:17.977000000,"Review"
38178,9,82,3,2024-06-18 12:27:12.120000000,"Review"
38201,21,82,3,2024-09-27 16:43:05.793000000,"Annual Review"
38211,13,75,3,2025-02-20 20:19:19.740000000,""
38213,11,82,3,2024-07-24 15:53:25.270000000,"Review"
38227,19,75,3,2023-10-20 15:35:20.110000000,""
38229,27,75,3,2023-10-20 15:34:40.310000000,""
38231,19,75,3,2020-11-13 19:08:12.100000000,""
38238,10,55,3,2023-07-11 21:58:35.747000000,""
38240,26,55,3,2024-10-31 15:43:09.650000000,""
38249,21,82,3,2025-04-04 14:54:02.253000000,"Annual Review"
38268,10,82,3,2025-02-25 17:04:39.907000000,"Annual Review "
38274,10,55,3,2024-04-18 19:16:19.187000000,""
38276,8,55,3,2023-04-03 14:40:15.467000000,""
38278,35,55,3,2025-06-11 13:53:58.053000000,""
38278,35,70,3,2025-06-11 13:53:58.053000000,""
38284,12,55,3,2025-06-20 22:11:51.667000000,""
38288,10,55,3,2024-04-18 12:06:18.970000000,""
38292,14,55,3,2024-07-17 19:05:15.463000000,""
38294,19,55,3,2023-08-17 17:27:57.497000000,""
38299,22,55,3,2024-09-17 12:18:16.807000000,""
38301,22,57,3,2024-09-17 12:27:58.190000000,""
38303,10,55,3,2024-07-17 14:54:25.860000000,""
38307,13,82,3,2025-02-25 17:00:41.443000000,"Annual Review "
38310,7,82,3,2020-01-26 20:09:16.573000000,"Removed the CPT Codes in the Keyword Section only."
38327,7,55,3,2023-07-11 15:38:35.430000000,""
38329,7,55,3,2023-07-11 15:45:11.953000000,""
38331,24,55,3,2024-10-31 13:16:15.060000000,""
38333,19,55,3,2024-10-31 13:17:02.223000000,""
38335,9,55,3,2023-08-18 12:54:34.100000000,""
38337,10,55,3,2023-08-18 13:06:05.073000000,""
38339,14,55,3,2024-07-17 11:57:15.730000000,""
38341,11,55,3,2024-07-17 11:58:15.607000000,""
38351,8,55,3,2024-04-18 12:24:40.857000000,""
38353,8,55,3,2024-04-18 12:25:22.337000000,""
38367,28,55,3,2024-10-09 14:51:37.350000000,""
38371,12,75,3,2022-06-28 19:36:54.663000000,""
38378,22,82,3,2025-03-18 14:42:02.027000000,"Annual Review"
38387,7,55,3,2020-02-14 20:35:09.700000000,""
38387,7,76,3,2020-02-14 20:35:09.700000000,""
38394,9,82,3,2024-11-13 16:47:04.380000000,"Annual review"
38396,25,82,3,2025-03-14 11:34:05.520000000,"In response to Executive Order 14168."
38429,9,82,3,2024-04-16 13:55:51.150000000,"Review"
38433,9,82,3,2025-06-16 18:28:30.860000000,"Review"
38435,10,82,3,2023-08-23 15:18:40.073000000,"(Review)"
38441,15,82,3,2024-10-21 17:41:45.103000000,"Review"
38443,11,82,3,2025-06-16 18:52:11.190000000,"Review"
38528,7,82,3,2024-04-16 13:41:14.997000000,"Annual Review"
38549,12,76,3,2022-12-09 19:00:33.907000000,""
38551,14,55,3,2024-12-13 15:32:20.717000000,""
38566,6,55,3,2022-05-26 18:50:45.533000000,""
38568,7,55,3,2023-07-17 15:23:19.117000000,""
38571,8,64,3,2021-12-16 15:07:11.033000000,""
38576,8,55,3,2023-06-16 19:55:18.450000000,""
38582,9,55,3,2025-06-05 15:49:00.597000000,""
38584,10,82,3,2024-05-09 14:54:27.240000000,"Annual Review"
38586,8,82,3,2025-03-11 14:44:45.597000000,"Annual REview"
38613,11,55,3,2022-07-27 21:41:25.590000000,""
38615,11,55,3,2022-07-27 21:41:54.970000000,""
38617,31,69,3,2024-06-21 15:41:00.553000000,""
38623,15,55,3,2024-08-14 16:51:57.837000000,""
38643,5,55,3,2022-05-26 19:40:48.570000000,""
38645,5,55,3,2022-05-26 19:42:07.953000000,""
38647,9,55,3,2023-06-15 16:23:24.333000000,""
38649,10,55,3,2023-06-15 16:25:33.457000000,""
38657,17,75,3,2025-05-07 16:28:28.210000000,""
38659,13,75,3,2025-05-07 16:29:24.630000000,""
38662,14,82,3,2024-09-27 18:27:36.853000000,"Annual Review "
38664,26,69,3,2024-06-21 15:42:52.497000000,""
38678,7,82,3,2024-07-24 14:55:31.077000000,"Review"
38680,7,55,3,2025-06-16 19:19:38.750000000,""
38682,10,82,3,2024-09-17 11:52:29.857000000,""
38684,8,82,3,2025-06-17 13:28:04.710000000,""
38686,14,55,3,2024-07-24 14:50:20.023000000,""
38686,14,69,3,2024-07-24 14:50:20.023000000,""
38694,10,82,3,2024-05-30 16:53:21.453000000,"Annual Review"
38705,7,76,3,2023-12-11 04:27:52.520000000,""
38707,8,76,3,2023-12-11 04:32:05.807000000,""
38712,18,75,3,2025-03-14 13:49:09.657000000,""
38726,17,75,3,2025-03-14 13:49:57.110000000,""
38737,13,55,3,2023-07-14 13:56:09.313000000,""
38743,15,55,3,2024-07-19 13:09:39.983000000,""
38745,17,55,3,2025-03-03 20:50:29.917000000,""
38747,9,55,3,2024-09-06 13:42:30.463000000,""
38765,20,55,3,2024-07-19 13:10:00.533000000,""
38769,14,55,3,2024-04-12 13:45:42.753000000,""
38769,14,76,3,2024-04-12 13:45:42.753000000,""
38771,17,75,3,2025-04-18 19:30:07.340000000,""
38773,24,55,3,2025-05-09 14:30:57.937000000,""
38775,10,55,3,2024-09-06 13:43:49.253000000,""
38777,7,55,3,2021-12-10 23:55:48.880000000,""
38787,7,83,3,2023-10-02 13:11:14.387000000,""
38792,6,55,3,2022-05-16 15:39:57.720000000,""
38801,15,55,3,2024-07-26 18:48:33.383000000,""
38803,12,55,3,2024-07-26 18:50:34.177000000,""
38822,7,82,3,2024-11-13 16:51:10.617000000,"Annual Review"
38824,9,56,3,2021-10-30 02:01:34.360000000,""
38826,7,56,3,2021-10-30 02:45:20.427000000,""
38835,6,82,3,2023-10-17 17:42:58.467000000,"Review"
38837,7,82,3,2025-05-20 15:30:43.103000000,"N/A"
38839,9,82,3,2024-06-18 12:06:45.093000000,""
38841,16,76,3,2025-06-18 19:58:55.877000000,""
38902,11,82,3,2023-12-13 19:33:50.777000000,"Broken hyperlink"
38904,10,82,3,2023-12-13 19:34:57.970000000,"Broken hyperlink"
38914,20,82,3,2022-05-13 11:23:09.247000000,"Third party request"
38920,11,82,3,2023-06-22 12:36:26.683000000,"Annual Review"
38926,23,82,3,2021-09-03 12:10:12.453000000,"In response to an inquiry"
38937,6,75,3,2022-06-08 18:56:23.293000000,""
38953,16,55,3,2023-12-07 16:04:15.657000000,""
38953,16,82,3,2023-12-07 16:04:15.657000000,"CMS Final Rule CMS-1780-F"
38955,24,55,3,2023-12-07 15:09:12.377000000,""
38955,24,82,3,2023-12-07 15:09:12.377000000,"CMS Final Rule CMS-1780-F"
38966,5,55,3,2024-04-12 21:11:52.393000000,""
38970,8,82,3,2024-04-04 12:34:55.910000000,""
38972,8,55,3,2024-04-12 12:04:46.713000000,""
38974,8,55,3,2024-04-12 12:05:46.150000000,""
38985,13,55,3,2023-07-18 16:31:31.617000000,""
38988,15,55,3,2025-01-23 18:41:59.473000000,""
38992,14,55,3,2023-01-04 17:19:20.930000000,""
38994,14,55,3,2023-11-06 14:33:30.917000000,""
38997,9,82,3,2025-03-04 20:05:57.940000000,"Annual Review "
39001,11,75,3,2025-01-23 13:55:27.180000000,""
39003,10,75,3,2025-01-23 13:56:10.007000000,""
39005,6,55,3,2023-07-17 15:19:18.033000000,""
39007,7,55,3,2023-07-17 15:50:22.140000000,""
39015,12,55,3,2023-10-31 14:40:22.517000000,""
39017,9,82,3,2025-03-04 20:14:02.003000000,"Annual Review "
39023,23,55,3,2025-02-14 16:12:20.473000000,""
39036,15,55,3,2023-11-13 21:04:29.457000000,""
39038,11,55,3,2025-01-23 12:57:31.393000000,""
39040,6,82,3,2024-03-20 13:48:57.910000000,"Review"
39042,7,55,3,2025-06-17 13:42:36.947000000,""
39044,13,82,3,2025-06-16 19:44:11.473000000,""
39051,10,82,3,2024-08-22 13:03:58.183000000,"Draft to Final"
39054,11,82,3,2024-01-23 14:43:07.170000000,"(Correction)"
39058,16,75,3,2025-02-07 19:25:14.947000000,""
39060,15,75,3,2025-02-07 19:29:06.370000000,""
39068,19,82,3,2025-03-14 11:34:41.483000000,"In response to Executive Order 14168"
39071,14,82,3,2025-03-14 11:35:24.807000000,"In response to Executive Order 14168"
39075,14,75,3,2023-03-28 19:14:43.207000000,""
39082,6,82,3,2021-12-23 12:41:08.990000000,"Typo"
39084,5,75,3,2021-12-23 12:43:47.003000000,""
39086,10,55,3,2022-04-25 14:58:12.697000000,""
39121,9,55,3,2023-11-06 14:32:50.713000000,""
39122,3,83,3,2021-09-22 16:59:29.243000000,""
39122,3,92,3,2021-09-22 16:59:29.243000000,""
39128,10,55,3,2024-09-06 13:33:20.897000000,""
39189,7,55,3,2024-10-21 10:45:05.850000000,""
39189,7,67,3,2024-10-21 10:45:05.850000000,""
39230,6,55,3,2025-02-25 13:22:21.327000000,""
39232,5,55,3,2025-02-25 13:23:24.587000000,""
39237,10,55,3,2025-03-03 20:52:12.337000000,""
39240,7,82,3,2023-12-11 15:33:13.980000000,"Updated hyperlink in Bibliography"
39242,7,82,3,2023-12-11 15:34:08.177000000,"Updated hyperlink in the Bibliography"
39256,7,55,3,2025-03-04 16:00:50.957000000,""
39258,12,55,3,2025-03-03 20:51:00.360000000,""
39262,7,55,3,2025-03-04 17:29:26.733000000,""
39264,7,55,3,2025-03-04 17:30:16.073000000,""
39268,7,55,3,2024-07-16 14:41:28,""
39270,8,55,3,2024-12-13 15:33:03.650000000,""
39276,8,55,3,2025-03-04 21:10:19.177000000,""
39284,11,82,3,2024-10-29 11:56:11.317000000,"Annual Review "
39356,5,82,3,2025-02-20 15:11:59.207000000,""
39365,149,82,3,2025-04-25 11:56:06.340000000,"In response to Executive Order 14168"
39367,41,82,3,2025-04-25 11:57:25.243000000,"In response to Executive Order 14168"
39383,11,82,3,2025-03-18 16:36:05.233000000,"Annual Review "
39387,8,55,3,2024-10-04 14:11:48.833000000,""
39389,4,82,3,2024-05-09 15:09:43.207000000,"Annual review"
39391,6,55,3,2023-07-18 13:58:25.530000000,""
39400,8,55,3,2024-09-06 13:41:47.003000000,""
39402,14,55,3,2024-11-20 12:58:53.943000000,""
39424,6,55,3,2024-08-13 19:03:36.250000000,""
39427,5,55,3,2024-08-23 18:13:35.357000000,""
39434,6,82,3,2025-02-25 16:21:53.820000000,"Annual Review "
39455,6,82,3,2023-08-04 14:26:26.370000000,"Corrected link"
39467,6,55,3,2024-08-13 12:51:28.700000000,""
39469,6,55,3,2024-08-13 12:52:22.027000000,""
39475,7,82,3,2024-12-18 13:19:37.950000000,""
39477,7,82,3,2024-12-18 13:28:00.857000000,"revision"
39479,5,82,3,2025-04-22 16:18:28.270000000,""
39481,5,82,3,2024-07-24 15:22:38.433000000,""
39529,5,82,3,2025-04-22 15:46:41.790000000,""
39553,21,55,3,2025-01-31 15:47:09.470000000,""
39585,4,82,3,2025-05-13 18:57:10.830000000,"Annual Review "
39646,7,55,3,2025-03-04 15:58:09.087000000,""
39647,3,83,3,2023-10-02 13:11:47.477000000,""
39650,6,82,3,2025-05-13 19:08:23.267000000,"Annual Review "
39656,9,55,3,2024-03-05 23:43:01.133000000,""
39657,4,83,3,2023-09-25 13:39:30.340000000,""
39658,4,82,3,2025-06-11 12:05:02.247000000,"Annual REview"
39667,9,99,3,2023-07-21 14:44:18.223000000,""
39668,8,99,3,2023-07-21 14:45:25.443000000,""
39677,3,83,3,2023-08-21 18:33:30.087000000,""
39679,3,83,3,2023-08-21 21:02:26.790000000,""
39682,7,55,3,2025-03-04 18:57:23.523000000,""
39684,6,55,3,2025-03-04 18:57:52.770000000,""
39685,5,104,3,2023-08-21 23:50:39.653000000,"LCD request from Laboratory"
39687,5,104,3,2023-08-21 23:57:19.530000000,"LCD request from Laboratory"
39708,2,104,3,2023-09-19 20:44:44.033000000,"LCD request from Laboratory"
39710,2,83,3,2023-09-20 12:56:31.083000000,""
39713,5,82,3,2024-04-16 13:49:28.720000000,"revision"
39720,5,82,3,2025-02-20 20:56:40.927000000,""
39741,8,75,3,2025-01-29 16:17:57.387000000,""
39755,35,83,3,2024-04-15 17:00:37.157000000,""
39758,13,75,3,2025-01-24 16:18:42.660000000,""
39759,11,83,3,2024-04-20 20:02:25.773000000,""
39762,8,75,3,2025-01-24 16:19:10.680000000,""
39763,8,83,3,2024-04-20 20:03:07.453000000,""
39773,7,75,3,2025-01-10 13:08:57.770000000,""
39777,11,104,3,2024-01-11 21:43:22.823000000,"Request for Coverage by a Manufacturer"
39788,9,82,3,2025-04-22 14:41:02.877000000,"revision"
39793,47,75,3,2025-03-07 18:20:14.413000000,""
39796,5,83,3,2024-03-22 15:27:27.920000000,""
39797,13,75,3,2025-06-12 16:21:10.700000000,""
39799,16,75,3,2025-03-07 18:21:23.887000000,""
39800,7,83,3,2024-05-21 10:06:01.447000000,""
39801,4,83,3,2024-04-08 19:09:09.473000000,""
39802,8,75,3,2025-05-09 14:59:41.120000000,""
39805,16,83,3,2024-04-19 13:09:50.700000000,""
39805,16,98,3,2024-04-19 13:09:50.700000000,""
39809,4,83,3,2024-03-21 16:57:14.570000000,""
39810,8,57,3,2025-02-13 20:31:44.950000000,""
39811,4,83,3,2024-03-21 17:01:07.027000000,""
39812,8,57,3,2025-02-13 20:32:48.873000000,""
39820,11,83,3,2024-05-20 16:28:25.703000000,""
39823,11,104,3,2024-04-19 18:36:12.450000000,"Request for coverage by a practitioner"
39826,5,83,3,2024-05-21 10:43:07.077000000,""
39826,5,98,3,2024-05-21 10:43:07.077000000,""
39827,4,83,3,2024-04-16 17:54:54.203000000,""
39827,4,98,3,2024-04-16 17:54:54.203000000,""
39831,13,83,3,2024-05-21 11:04:14.577000000,""
39831,13,98,3,2024-05-21 11:04:14.577000000,""
39835,10,83,3,2024-05-20 14:26:26.980000000,""
39835,10,98,3,2024-05-20 14:26:26.980000000,""
39839,9,83,3,2024-05-23 12:49:19.617000000,""
39840,14,57,3,2025-02-14 16:03:38.990000000,""
39843,4,83,3,2024-05-20 14:27:03.697000000,""
39844,5,83,3,2024-05-22 13:32:47.593000000,""
39845,5,83,3,2024-05-22 13:33:09.653000000,""
39848,4,83,3,2024-05-20 14:27:28.940000000,""
39850,13,94,3,2024-05-20 14:28:24.483000000,""
39851,15,55,3,2025-03-04 17:47:59.543000000,""
39852,3,83,3,2024-05-20 14:27:53.250000000,""
39856,3,83,3,2024-05-23 12:33:41.447000000,""
39858,4,83,3,2024-05-23 22:41:27.757000000,""
39858,4,97,3,2024-05-23 22:41:27.757000000,""
39859,4,83,3,2024-05-23 22:48:20.247000000,""
39859,4,97,3,2024-05-23 22:48:20.247000000,""
39862,6,83,3,2024-05-23 14:19:25.973000000,""
39862,6,98,3,2024-05-23 14:19:25.973000000,""
39863,9,57,3,2025-02-14 18:44:08.070000000,""
39864,2,83,3,2024-04-16 12:46:44.100000000,""
39865,4,75,3,2024-11-20 12:48:29.553000000,""
39870,4,104,3,2024-04-19 18:36:59.710000000,"Request for coverage by a practitioner"
39873,7,83,3,2024-06-19 15:56:17.543000000,""
39873,7,95,3,2024-06-19 15:56:17.543000000,""
39876,31,99,3,2024-05-31 13:47:18.120000000,""
39878,15,99,3,2024-05-31 13:45:39.583000000,""
39880,11,83,3,2024-05-23 21:53:00.490000000,""
39881,8,57,3,2025-02-13 20:22:15.247000000,""
39882,8,83,3,2024-05-23 21:53:35.727000000,""
39883,8,57,3,2025-02-13 20:25:46.423000000,""
39903,8,83,3,2024-06-20 20:20:10.773000000,""
39903,8,95,3,2024-06-20 20:20:10.773000000,""
39904,2,83,3,2024-05-21 14:38:06.983000000,""
39906,2,83,3,2024-05-21 15:07:52.550000000,""
39908,2,83,3,2024-05-21 16:44:27.257000000,""
39908,2,98,3,2024-05-21 16:44:27.257000000,""
39910,2,83,3,2024-05-21 17:10:55.277000000,""
39910,2,84,3,2024-05-21 17:10:55.277000000,""
39911,7,82,3,2025-02-20 14:40:32.190000000,""
39912,3,83,3,2024-05-21 17:43:46.833000000,""
39913,7,82,3,2025-02-20 17:26:59.090000000,""
39914,3,83,3,2024-05-30 14:11:22.820000000,""
39914,3,84,3,2024-05-30 14:11:22.820000000,""
39915,5,104,3,2024-08-23 15:01:37.787000000,""
39918,3,83,3,2024-07-23 15:17:43.277000000,""
39920,4,83,3,2024-07-11 16:43:10.777000000,""
39921,4,83,3,2024-07-11 16:43:50.187000000,""
39922,5,83,3,2024-07-23 13:54:52.127000000,""
39926,5,83,3,2024-07-23 13:55:24.547000000,""
39928,5,83,3,2024-08-23 14:59:37.843000000,""
39931,4,83,3,2024-08-23 15:00:19.207000000,""
39932,4,104,3,2024-08-19 17:38:11.160000000,"LCD request from Laboratory"
39934,4,104,3,2024-08-19 17:37:16.717000000,"LCD request from Laboratory"
39937,4,83,3,2024-09-30 13:09:02.633000000,""
39939,3,104,3,2024-09-30 12:48:11.177000000,"Other: LCD request from Laboratory"
39941,7,83,3,2024-08-23 15:00:59.547000000,""
39941,7,98,3,2024-08-23 15:00:59.547000000,""
39943,4,83,3,2024-08-19 14:59:16.413000000,""
39945,5,83,3,2024-08-19 14:59:55.083000000,""
39947,3,83,3,2024-08-19 15:04:34.267000000,""
39949,3,83,3,2024-08-19 15:05:03.350000000,""
39955,5,83,3,2024-08-23 15:02:23.213000000,""
39956,5,55,3,2025-01-24 20:08:23.557000000,""
39957,4,83,3,2024-10-03 11:09:06.230000000,""
39957,4,98,3,2024-10-03 11:09:06.230000000,""
39959,4,98,3,2024-08-21 12:37:30.770000000,""
39961,4,98,3,2024-08-21 12:38:22.323000000,""
39963,6,83,3,2024-09-23 12:14:06.997000000,""
39978,7,95,3,2024-09-25 15:17:39.323000000,""
39981,3,83,3,2024-09-13 12:43:15.227000000,""
39982,4,83,3,2024-09-13 12:44:53.863000000,""
39983,8,95,3,2024-08-22 15:51:15.400000000,""
39986,2,104,3,2024-08-21 16:53:43.270000000,"LCD request from Laboratory"
39988,2,104,3,2024-08-21 17:11:28,"LCD request from Laboratory"
39994,6,83,3,2024-09-24 22:12:34.057000000,""
39996,7,104,3,2024-08-22 15:52:33.927000000,"Request for coverage by a practitioner"
39999,3,83,3,2024-09-30 15:05:11.357000000,""
39999,3,97,3,2024-09-30 15:05:11.357000000,""
40001,4,83,3,2024-09-30 15:12:25,""
40003,3,83,3,2024-09-24 18:15:13.813000000,""
40016,43,104,3,2024-10-04 15:27:00.663000000,"Reconsideration Request"
40021,2,83,3,2024-10-03 12:04:15.747000000,""
40025,8,104,3,2024-10-04 15:28:14.480000000,"Reconsideration Request"
40031,3,97,3,2025-01-31 15:46:27.203000000,""
40037,4,104,3,2025-01-31 15:44:59.103000000,"Consolidation of Part A and Part B LCDs"
40045,5,83,3,2025-01-31 15:45:53.507000000,""
40047,6,83,3,2025-02-07 16:31:04.420000000,""
40049,3,83,3,2025-01-31 12:36:36.633000000,""
40051,4,83,3,2025-01-31 12:37:18.693000000,""
40055,3,83,3,2025-01-31 12:20:02.783000000,""
40167,12,83,3,2025-05-09 11:28:11.350000000,""
40173,4,85,3,2025-05-06 21:56:49.007000000,""
40174,4,85,3,2025-05-06 21:58:06.270000000,""
40175,4,83,3,2025-05-08 12:24:18.277000000,""
40177,4,83,3,2025-05-05 10:51:40.190000000,""
40178,3,83,3,2025-05-09 13:51:19.840000000,""
40180,6,83,3,2025-05-05 11:33:14.990000000,""
40181,8,83,3,2025-05-07 22:47:09.057000000,""
40183,9,83,3,2025-05-06 15:02:26.367000000,""
40184,7,83,3,2025-05-26 03:19:30.677000000,""
40185,7,83,3,2025-05-26 03:20:00.950000000,""
40188,6,83,3,2025-05-08 21:09:52.383000000,""
40192,3,83,3,2025-05-09 14:53:37.840000000,""
40194,3,83,3,2025-05-19 19:49:46.960000000,""
40194,3,98,3,2025-05-19 19:49:46.960000000,""
40195,3,83,3,2025-05-20 15:03:31.593000000,""
40195,3,98,3,2025-05-20 15:03:31.593000000,""
