lcd_id,lcd_version,related_num,r_ncd_id,r_ncd_version,last_updated
32553,20,1,155,1,2025-04-29 23:04:19.290000000
32553,20,2,266,1,2025-04-29 23:04:19.293000000
33252,29,1,0,1,2025-04-29 23:04:16.640000000
33261,40,1,266,1,2025-04-29 23:04:16.643000000
33261,40,2,187,1,2025-04-29 23:04:16.643000000
33261,40,3,161,1,2025-04-29 23:04:16.647000000
33261,40,4,241,1,2025-04-29 23:04:16.647000000
33267,17,1,0,1,2025-04-29 23:04:16.650000000
33274,36,1,0,1,2025-04-29 23:04:16.650000000
33312,34,1,190,1,2025-04-29 23:04:18.123000000
33312,34,2,219,1,2025-04-29 23:04:18.123000000
33312,37,1,190,1,2025-04-29 23:04:18.133000000
33312,37,2,219,1,2025-04-29 23:04:18.133000000
33317,31,1,0,1,2025-04-29 23:04:18.133000000
33317,34,1,0,1,2025-04-29 23:04:18.137000000
33318,57,1,0,1,2025-04-29 23:04:18.140000000
33369,26,1,0,1,2025-04-29 23:04:18.140000000
33370,49,1,321,1,2025-04-29 23:04:18.140000000
33370,49,2,190,1,2025-04-29 23:04:18.143000000
33393,9,1,0,1,2025-04-29 23:04:23.200000000
33394,50,1,158,1,2025-04-29 23:04:23.037000000
33394,54,1,0,1,2025-04-29 23:04:23.037000000
33396,10,1,42,1,2025-04-29 23:04:23.583000000
33396,10,2,11,1,2025-04-29 23:04:23.583000000
33396,10,3,249,1,2025-04-29 23:04:23.587000000
33398,32,1,346,1,2025-04-29 23:04:23.733000000
33399,14,1,214,1,2025-04-29 23:04:23.043000000
33399,14,2,215,1,2025-04-29 23:04:23.047000000
33405,25,1,226,1,2025-04-29 23:04:16.650000000
33405,25,2,330,1,2025-04-29 23:04:16.653000000
33411,29,1,57,1,2025-04-29 23:04:16.653000000
33417,40,1,266,1,2025-04-29 23:04:23.353000000
33417,40,2,187,1,2025-04-29 23:04:23.357000000
33417,40,3,161,1,2025-04-29 23:04:23.357000000
33417,40,4,155,1,2025-04-29 23:04:23.360000000
33420,41,1,0,1,2025-04-29 23:04:23.387000000
33422,40,1,0,1,2025-04-29 23:04:23.393000000
33423,51,1,176,2,2025-01-15 14:49:22.497000000
33423,55,1,176,1,2025-04-29 23:04:23.397000000
33423,58,1,176,1,2025-04-29 23:04:23.397000000
33428,53,1,64,1,2025-04-29 23:04:23.400000000
33428,53,2,14,1,2025-04-29 23:04:23.407000000
33428,53,3,338,1,2025-04-29 23:04:23.407000000
33431,54,1,100,1,2025-04-29 23:04:23.413000000
33436,38,1,0,1,2025-04-29 23:04:23.420000000
33438,47,1,0,1,2025-04-29 23:04:23.420000000
33444,40,1,17,1,2024-08-05 18:56:40.123000000
33444,42,1,17,1,2025-04-29 23:04:23.423000000
33445,71,1,129,1,2025-04-29 23:04:23.427000000
33446,47,1,0,1,2025-04-29 23:04:23.430000000
33447,48,1,0,1,2025-04-29 23:04:23.430000000
33449,36,1,192,1,2025-04-29 23:04:23.437000000
33452,37,1,281,7,2024-08-06 15:26:42.917000000
33452,38,1,281,7,2024-08-06 15:26:42.917000000
33455,31,1,0,1,2025-04-29 23:04:23.443000000
33456,71,1,0,1,2025-04-29 23:04:23.453000000
33457,61,1,271,1,2025-04-29 23:04:23.460000000
33457,61,2,292,1,2025-04-29 23:04:23.463000000
33458,69,1,19,1,2025-04-29 23:04:23.477000000
33459,43,1,176,1,2025-04-29 23:04:23.480000000
33461,64,1,223,1,2025-04-29 23:04:23.487000000
33467,49,1,56,1,2025-04-29 23:04:23.490000000
33557,45,1,62,1,2025-04-29 23:04:22.880000000
33558,32,1,213,1,2025-04-29 23:04:22.890000000
33558,32,2,9,1,2025-04-29 23:04:22.893000000
33558,32,3,60,1,2025-04-29 23:04:22.900000000
33558,32,4,239,1,2025-04-29 23:04:22.903000000
33559,28,1,176,1,2025-04-29 23:04:22.880000000
33560,35,1,0,1,2025-04-29 23:04:22.887000000
33563,26,1,0,1,2025-04-29 23:04:23.243000000
33567,27,1,56,1,2025-04-29 23:04:23.537000000
33567,27,2,213,1,2025-04-29 23:04:23.540000000
33567,27,3,60,1,2025-04-29 23:04:23.540000000
33569,28,1,0,1,2025-04-29 23:04:23.567000000
33573,24,1,0,1,2025-04-29 23:04:22.877000000
33574,37,1,261,1,2025-04-29 23:04:23.760000000
33575,43,1,0,1,2025-04-29 23:04:23.760000000
33576,23,1,202,1,2025-04-29 23:04:23.757000000
33577,43,1,263,1,2025-04-29 23:04:23.750000000
33578,17,1,263,1,2025-04-29 23:04:23.747000000
33579,38,1,263,1,2025-04-29 23:04:23.747000000
33580,40,1,89,1,2025-04-29 23:04:23.657000000
33580,40,2,192,1,2025-04-29 23:04:23.660000000
33580,40,3,274,1,2025-04-29 23:04:23.660000000
33580,40,4,237,1,2025-04-29 23:04:23.660000000
33583,21,1,81,1,2025-04-29 23:04:16.657000000
33583,21,2,108,1,2025-04-29 23:04:16.657000000
33585,33,1,186,1,2025-04-29 23:04:22.860000000
33585,33,2,177,1,2025-04-29 23:04:22.863000000
33585,33,3,263,1,2025-04-29 23:04:22.870000000
33585,33,4,272,1,2025-04-29 23:04:22.870000000
33591,18,1,266,1,2025-04-29 23:04:23.597000000
33591,18,2,187,1,2025-04-29 23:04:23.597000000
33591,18,3,161,1,2025-04-29 23:04:23.597000000
33609,14,1,0,1,2025-04-29 23:04:16.660000000
33610,61,1,0,1,2025-04-29 23:04:18.143000000
33611,25,1,0,1,2025-04-29 23:04:18.147000000
33612,26,1,190,1,2025-04-29 23:04:18.147000000
33614,26,1,0,1,2025-04-29 23:04:22.993000000
33616,10,1,3,1,2025-04-29 23:04:23.543000000
33618,23,1,0,1,2025-04-29 23:04:16.660000000
33619,24,1,263,1,2025-04-29 23:04:23.430000000
33621,15,1,263,1,2025-04-29 23:04:23.533000000
33621,15,2,60,1,2025-04-29 23:04:23.533000000
33621,15,3,9,1,2025-04-29 23:04:23.537000000
33622,35,1,0,1,2025-04-29 23:04:23.560000000
33623,25,1,201,1,2025-04-29 23:04:23.563000000
33624,33,1,26,1,2025-04-29 23:04:23.590000000
33624,33,2,30,1,2025-04-29 23:04:23.590000000
33624,33,3,31,1,2025-04-29 23:04:23.590000000
33624,33,4,59,1,2025-04-29 23:04:23.590000000
33626,44,1,0,1,2025-04-29 23:04:23.593000000
33627,89,1,263,1,2025-04-29 23:04:23.430000000
33628,33,1,69,1,2025-04-29 23:04:23.563000000
33630,27,1,0,1,2025-04-29 23:04:22.987000000
33631,51,1,58,1,2025-04-29 23:04:23.543000000
33631,51,2,240,1,2025-04-29 23:04:23.547000000
33631,51,3,76,1,2025-04-29 23:04:23.547000000
33631,51,4,22,1,2025-04-29 23:04:23.550000000
33631,51,5,63,1,2025-04-29 23:04:23.550000000
33631,51,6,175,1,2025-04-29 23:04:23.550000000
33631,51,7,151,1,2025-04-29 23:04:23.553000000
33631,51,8,94,1,2025-04-29 23:04:23.553000000
33631,51,9,124,1,2025-04-29 23:04:23.557000000
33631,51,10,354,1,2025-04-29 23:04:23.557000000
33631,51,11,250,1,2025-04-29 23:04:23.560000000
33631,51,12,315,1,2025-04-29 23:04:23.560000000
33632,82,1,0,1,2025-04-29 23:04:23.593000000
33633,49,1,177,1,2025-04-29 23:04:23.270000000
33633,49,2,178,1,2025-04-29 23:04:23.277000000
33636,52,1,171,1,2025-04-29 23:04:23.600000000
33641,21,1,208,1,2025-04-29 23:04:18.150000000
33642,26,1,190,1,2025-04-29 23:04:18.150000000
33646,39,1,0,1,2025-04-29 23:04:22.857000000
33667,22,1,165,1,2025-04-29 23:04:16.660000000
33667,22,2,12,1,2025-04-29 23:04:16.663000000
33667,22,3,263,1,2025-04-29 23:04:16.663000000
33671,48,1,81,1,2025-04-29 23:04:16.667000000
33674,10,1,263,1,2025-04-29 23:04:16.667000000
33686,36,1,0,1,2025-04-29 23:04:18.150000000
33686,41,1,0,1,2025-04-29 23:04:18.157000000
33689,17,1,129,1,2025-04-29 23:04:16.670000000
33690,20,1,0,1,2025-04-29 23:04:18.157000000
33692,21,1,190,1,2025-04-29 23:04:18.160000000
33692,21,2,228,1,2025-04-29 23:04:18.160000000
33693,28,1,165,1,2025-04-29 23:04:16.670000000
33693,28,2,263,1,2025-04-29 23:04:16.673000000
33695,26,1,165,1,2025-04-29 23:04:16.673000000
33695,26,2,212,1,2025-04-29 23:04:16.677000000
33695,26,3,263,1,2025-04-29 23:04:16.677000000
33695,26,4,204,1,2025-04-29 23:04:16.680000000
33718,52,1,226,1,2025-04-29 23:04:18.160000000
33718,52,2,190,1,2025-04-29 23:04:18.163000000
33733,19,1,190,1,2025-04-29 23:04:18.163000000
33733,19,2,168,1,2025-04-29 23:04:18.167000000
33733,19,3,219,1,2025-04-29 23:04:18.167000000
33735,19,1,0,1,2025-04-29 23:04:18.170000000
33736,20,1,190,1,2025-04-29 23:04:18.170000000
33737,20,1,0,1,2025-04-29 23:04:18.170000000
33738,18,1,0,1,2025-04-29 23:04:18.173000000
33739,21,1,190,1,2025-04-29 23:04:18.173000000
33739,21,2,274,1,2025-04-29 23:04:18.177000000
33751,43,1,128,1,2025-04-29 23:04:16.680000000
33751,43,2,349,1,2025-04-29 23:04:16.683000000
33751,43,3,157,1,2025-04-29 23:04:16.683000000
33751,43,4,350,1,2025-04-29 23:04:16.687000000
33751,43,5,56,1,2025-04-29 23:04:16.690000000
33751,43,6,261,1,2025-04-29 23:04:16.690000000
33751,43,7,69,1,2025-04-29 23:04:16.690000000
33751,43,8,176,1,2025-04-29 23:04:16.693000000
33756,23,1,263,1,2025-04-29 23:04:16.697000000
33766,25,1,0,1,2025-04-29 23:04:16.697000000
33771,42,1,0,1,2025-04-29 23:04:16.697000000
33774,15,1,81,1,2025-04-29 23:04:16.700000000
33784,21,1,190,1,2025-04-29 23:04:18.177000000
33785,40,1,0,1,2025-04-29 23:04:18.177000000
33786,16,1,229,1,2025-04-29 23:04:18.180000000
33787,33,1,0,1,2025-04-29 23:04:18.180000000
33787,35,1,0,1,2025-04-29 23:04:18.183000000
33788,15,1,190,1,2025-04-29 23:04:18.183000000
33788,15,2,219,1,2025-04-29 23:04:18.187000000
33789,35,1,190,1,2025-04-29 23:04:18.187000000
33789,35,2,219,1,2025-04-29 23:04:18.190000000
33789,35,3,376,1,2025-04-29 23:04:18.190000000
33790,20,1,0,1,2025-04-29 23:04:18.193000000
33791,15,1,190,1,2025-04-29 23:04:18.193000000
33791,15,2,219,1,2025-04-29 23:04:18.197000000
33792,36,1,190,1,2025-04-29 23:04:18.197000000
33792,36,2,219,1,2025-04-29 23:04:18.200000000
33792,36,3,376,1,2025-04-29 23:04:18.200000000
33792,41,1,190,1,2025-04-29 23:04:18.220000000
33792,41,2,219,1,2025-04-29 23:04:18.223000000
33792,41,3,376,1,2025-04-29 23:04:18.223000000
33793,20,1,233,1,2025-04-29 23:04:18.227000000
33794,153,1,223,1,2025-04-29 23:04:18.227000000
33794,153,2,190,1,2025-04-29 23:04:18.230000000
33795,29,1,0,1,2025-04-29 23:04:18.230000000
33796,24,1,65,1,2025-04-29 23:04:18.230000000
33797,50,1,169,1,2025-04-29 23:04:18.233000000
33797,50,2,312,1,2025-04-29 23:04:18.233000000
33797,50,3,47,1,2025-04-29 23:04:18.237000000
33797,50,4,190,1,2025-04-29 23:04:18.237000000
33799,15,1,190,1,2025-04-29 23:04:18.240000000
33800,29,1,0,1,2025-04-29 23:04:18.240000000
33801,26,1,221,1,2025-04-29 23:04:18.240000000
33801,26,2,190,1,2025-04-29 23:04:18.243000000
33802,35,1,145,1,2025-04-29 23:04:18.243000000
33802,35,2,63,1,2025-04-29 23:04:18.247000000
33802,35,3,151,1,2025-04-29 23:04:18.247000000
33802,35,4,354,1,2025-04-29 23:04:18.250000000
33802,35,5,273,1,2025-04-29 23:04:18.250000000
33803,47,1,0,1,2025-04-29 23:04:18.250000000
33813,15,1,0,1,2025-04-29 23:04:16.700000000
33818,15,1,0,1,2025-04-29 23:04:16.700000000
33820,21,1,190,1,2025-04-29 23:04:18.253000000
33820,21,2,227,1,2025-04-29 23:04:18.253000000
33821,28,1,0,1,2025-04-29 23:04:18.257000000
33822,70,1,222,1,2025-04-29 23:04:18.257000000
33822,70,2,190,1,2025-04-29 23:04:18.260000000
33823,26,1,190,1,2025-04-29 23:04:18.260000000
33824,38,1,0,1,2025-04-29 23:04:18.260000000
33824,42,1,0,1,2025-04-29 23:04:18.267000000
33824,46,1,0,1,2025-04-29 23:04:18.267000000
33825,17,1,315,1,2025-04-29 23:04:18.267000000
33825,17,2,190,1,2025-04-29 23:04:18.267000000
33826,20,1,0,1,2025-04-29 23:04:18.270000000
33827,50,1,309,1,2025-04-29 23:04:18.270000000
33828,27,1,0,1,2025-04-29 23:04:18.270000000
33829,51,1,225,1,2023-08-30 14:35:08.837000000
33829,52,1,225,1,2023-08-30 14:35:08.837000000
33830,22,1,190,1,2025-04-29 23:04:18.273000000
33831,48,1,47,1,2025-04-29 23:04:18.273000000
33831,48,2,139,1,2025-04-29 23:04:18.277000000
33832,18,1,0,1,2025-04-29 23:04:18.277000000
33833,20,1,0,1,2025-04-29 23:04:16.703000000
33833,26,1,0,1,2025-04-29 23:04:16.710000000
33906,59,1,0,1,2025-04-29 23:04:16.710000000
33907,15,1,181,1,2025-04-29 23:04:16.710000000
33908,15,1,0,1,2025-04-29 23:04:16.713000000
33912,16,1,0,1,2025-04-29 23:04:16.713000000
33922,12,1,0,1,2025-04-29 23:04:16.713000000
33923,14,1,0,1,2025-04-29 23:04:16.717000000
33930,49,1,11,1,2025-04-29 23:04:16.717000000
33930,49,2,15,1,2025-04-29 23:04:16.720000000
33930,49,3,176,1,2025-04-29 23:04:16.720000000
33933,30,1,0,1,2025-04-29 23:04:16.720000000
33937,18,1,0,1,2025-04-29 23:04:16.723000000
33941,23,1,171,1,2025-04-29 23:04:16.723000000
33942,48,1,41,1,2025-04-29 23:04:19.293000000
33942,48,2,315,1,2025-04-29 23:04:19.297000000
33942,48,3,58,1,2025-04-29 23:04:19.297000000
33942,48,4,88,1,2025-04-29 23:04:19.300000000
33942,48,5,131,1,2025-04-29 23:04:19.300000000
33942,48,6,219,1,2025-04-29 23:04:19.300000000
33943,23,1,0,1,2025-04-29 23:04:19.303000000
33944,26,1,0,1,2025-04-29 23:04:19.303000000
33945,18,1,0,1,2025-04-29 23:04:19.303000000
33945,20,1,0,1,2025-04-29 23:04:19.307000000
33946,16,1,69,1,2025-04-29 23:04:19.307000000
33947,23,1,176,1,2025-04-29 23:04:19.310000000
33949,24,1,0,1,2025-04-29 23:04:19.310000000
33949,25,1,0,1,2025-04-29 23:04:19.310000000
33950,37,1,186,1,2025-04-29 23:04:19.313000000
33950,37,2,263,1,2025-04-29 23:04:19.313000000
33952,18,1,179,1,2025-04-29 23:04:19.317000000
33954,26,1,60,1,2025-04-29 23:04:19.317000000
33954,26,2,213,1,2025-04-29 23:04:19.320000000
33954,26,3,9,1,2025-04-29 23:04:19.320000000
33958,14,1,200,1,2025-04-29 23:04:16.727000000
33959,35,1,0,1,2025-04-29 23:04:19.320000000
33960,25,1,0,1,2025-04-29 23:04:19.323000000
33960,26,1,0,1,2025-04-29 23:04:19.323000000
33966,18,1,0,1,2025-04-29 23:04:16.727000000
33967,25,1,135,1,2025-04-29 23:04:16.730000000
33969,15,1,0,1,2025-04-29 23:04:16.730000000
33975,25,1,26,1,2025-04-29 23:04:16.730000000
33977,18,1,165,1,2025-04-29 23:04:16.733000000
33977,18,2,212,1,2025-04-29 23:04:16.733000000
33977,18,3,263,1,2025-04-29 23:04:16.737000000
33979,35,1,0,1,2025-04-29 23:04:17.167000000
33996,31,1,0,1,2025-04-29 23:04:19.323000000
33999,19,1,0,1,2025-04-29 23:04:19.327000000
33999,20,1,0,1,2025-04-29 23:04:19.327000000
34005,32,1,0,1,2025-04-29 23:04:19.327000000
34005,33,1,0,1,2025-04-29 23:04:19.330000000
34007,48,1,158,1,2025-04-29 23:04:16.740000000
34008,21,1,0,1,2025-04-29 23:04:19.330000000
34008,22,1,0,1,2025-04-29 23:04:19.330000000
34010,37,1,0,1,2025-04-29 23:04:17.167000000
34011,17,1,0,1,2025-04-29 23:04:16.740000000
34018,18,1,181,1,2025-04-29 23:04:16.743000000
34021,18,1,0,1,2025-04-29 23:04:16.743000000
34027,14,1,263,1,2025-04-29 23:04:16.747000000
34028,16,1,0,1,2025-04-29 23:04:16.747000000
34032,32,1,0,1,2025-04-29 23:04:19.333000000
34037,20,1,0,1,2025-04-29 23:04:19.333000000
34037,21,1,0,1,2025-04-29 23:04:19.333000000
34038,25,1,0,1,2025-04-29 23:04:17.170000000
34040,29,1,226,1,2025-04-29 23:04:17.170000000
34040,29,2,330,1,2025-04-29 23:04:17.173000000
34040,33,1,226,1,2025-04-29 23:04:17.180000000
34040,33,2,330,1,2025-04-29 23:04:17.180000000
34045,32,1,165,1,2025-04-29 23:04:19.337000000
34045,32,2,212,1,2025-04-29 23:04:19.337000000
34045,32,3,263,1,2025-04-29 23:04:19.340000000
34045,32,4,164,1,2025-04-29 23:04:19.340000000
34045,35,1,165,1,2025-04-29 23:04:19.350000000
34045,35,2,212,1,2025-04-29 23:04:19.350000000
34045,35,3,263,1,2025-04-29 23:04:19.350000000
34045,35,4,164,1,2025-04-29 23:04:19.353000000
34045,36,1,165,1,2025-05-02 14:38:41.373000000
34045,36,2,212,1,2025-05-02 14:38:54.130000000
34045,36,3,164,1,2025-05-02 14:39:30.217000000
34045,37,1,165,1,2025-05-02 14:38:41.373000000
34045,37,2,212,1,2025-05-02 14:38:54.130000000
34045,37,3,164,1,2025-05-02 14:39:30.217000000
34046,28,1,237,1,2025-04-29 23:04:19.353000000
34046,28,2,89,1,2025-04-29 23:04:19.357000000
34046,28,3,192,1,2025-04-29 23:04:19.357000000
34049,34,1,0,1,2025-04-29 23:04:19.360000000
34049,35,1,0,1,2025-04-29 23:04:19.360000000
34051,42,1,0,1,2025-04-29 23:04:17.180000000
34056,26,1,202,1,2025-04-29 23:04:19.360000000
34061,24,1,56,1,2025-04-29 23:04:19.360000000
34061,24,2,261,1,2025-04-29 23:04:19.363000000
34061,24,3,69,1,2025-04-29 23:04:19.363000000
34061,24,4,176,1,2025-04-29 23:04:19.367000000
34062,40,1,201,1,2025-04-29 23:04:19.367000000
34062,41,1,201,1,2025-04-29 23:04:19.370000000
34063,17,1,0,1,2025-04-29 23:04:19.370000000
34064,21,1,0,1,2025-04-29 23:04:19.370000000
34064,22,1,0,1,2025-04-29 23:04:19.370000000
34074,33,1,158,1,2025-04-29 23:04:17.183000000
34076,23,1,15,1,2025-04-29 23:04:17.187000000
34081,24,1,0,1,2025-04-29 23:04:19.373000000
34081,25,1,0,1,2025-04-29 23:04:19.373000000
34082,26,1,0,1,2025-04-29 23:04:19.373000000
34084,22,1,0,1,2025-04-29 23:04:19.377000000
34085,16,1,0,1,2025-04-29 23:04:19.377000000
34085,17,1,0,1,2025-04-29 23:04:19.377000000
34087,19,1,0,1,2025-04-29 23:04:19.380000000
34090,20,1,0,1,2025-04-29 23:04:19.380000000
34090,21,1,0,1,2025-04-29 23:04:19.380000000
34106,46,1,0,1,2025-04-29 23:04:17.187000000
34149,51,1,17,1,2025-04-29 23:04:17.190000000
34149,51,2,320,1,2025-04-29 23:04:17.190000000
34163,29,1,0,1,2025-04-29 23:04:17.190000000
34171,16,1,0,1,2025-04-29 23:04:19.380000000
34171,17,1,0,1,2025-04-29 23:04:19.380000000
34175,30,1,0,1,2025-04-29 23:04:19.383000000
34175,31,1,0,1,2025-04-29 23:04:19.383000000
34181,25,1,60,1,2025-04-29 23:04:19.383000000
34181,25,2,263,1,2025-04-29 23:04:19.387000000
34181,26,1,60,1,2025-04-29 23:04:19.383000000
34181,26,2,263,1,2025-04-29 23:04:19.387000000
34183,18,1,20,1,2025-04-29 23:04:19.387000000
34183,18,2,117,1,2025-04-29 23:04:19.390000000
34183,18,3,16,1,2025-04-29 23:04:19.390000000
34183,18,4,26,1,2025-04-29 23:04:19.390000000
34183,18,5,30,1,2025-04-29 23:04:19.393000000
34183,18,6,31,1,2025-04-29 23:04:19.393000000
34183,18,7,28,1,2025-04-29 23:04:19.393000000
34183,18,8,68,1,2025-04-29 23:04:19.397000000
34183,18,9,278,1,2025-04-29 23:04:19.397000000
34183,18,10,32,1,2025-04-29 23:04:19.400000000
34183,19,1,20,1,2025-04-29 23:04:19.400000000
34183,19,2,117,1,2025-04-29 23:04:19.400000000
34183,19,3,16,1,2025-04-29 23:04:19.403000000
34183,19,4,26,1,2025-04-29 23:04:19.403000000
34183,19,5,30,1,2025-04-29 23:04:19.407000000
34183,19,6,31,1,2025-04-29 23:04:19.407000000
34183,19,7,28,1,2025-04-29 23:04:19.410000000
34183,19,8,68,1,2025-04-29 23:04:19.410000000
34183,19,9,278,1,2025-04-29 23:04:19.410000000
34183,19,10,32,1,2025-04-29 23:04:19.413000000
34194,23,1,0,1,2025-04-29 23:04:17.193000000
34195,25,1,0,1,2025-04-29 23:04:19.413000000
34195,27,1,0,1,2025-05-02 16:39:54.720000000
34196,28,1,16,1,2025-04-29 23:04:19.417000000
34196,28,2,278,1,2025-04-29 23:04:19.417000000
34196,28,3,250,1,2025-04-29 23:04:19.417000000
34196,29,1,16,1,2025-04-29 23:04:19.420000000
34196,29,2,278,1,2025-04-29 23:04:19.420000000
34196,29,3,250,1,2025-04-29 23:04:19.423000000
34200,28,1,0,1,2025-04-29 23:04:19.423000000
34203,25,1,9,1,2025-04-29 23:04:17.197000000
34209,37,1,0,1,2025-04-29 23:04:17.197000000
34211,37,1,373,1,2025-04-29 23:04:17.200000000
34213,51,1,281,1,2025-04-29 23:04:17.203000000
34215,58,1,0,1,2025-04-29 23:04:17.207000000
34218,25,1,15,1,2025-04-29 23:04:17.210000000
34220,37,1,176,1,2025-04-29 23:04:17.213000000
34220,37,2,177,1,2025-04-29 23:04:17.213000000
34228,51,1,0,1,2025-04-29 23:04:17.217000000
34233,32,1,0,1,2025-04-29 23:04:17.217000000
34246,24,1,171,1,2025-04-29 23:04:19.423000000
34313,18,1,266,1,2025-04-29 23:04:17.220000000
34314,47,1,158,1,2025-04-29 23:04:17.223000000
34315,37,1,0,1,2025-04-29 23:04:17.227000000
34324,34,1,36,1,2025-04-29 23:04:17.230000000
34328,40,1,240,1,2025-04-29 23:04:17.233000000
34337,22,1,0,1,2025-04-29 23:04:19.427000000
34338,33,1,0,1,2025-04-29 23:04:19.427000000
34353,31,1,41,1,2025-04-29 23:04:19.430000000
34353,31,2,16,1,2025-04-29 23:04:19.430000000
34353,31,3,26,1,2025-04-29 23:04:19.430000000
34353,31,4,27,1,2025-04-29 23:04:19.430000000
34353,31,5,30,1,2025-04-29 23:04:19.433000000
34353,31,6,31,1,2025-04-29 23:04:19.433000000
34353,31,7,29,1,2025-04-29 23:04:19.437000000
34353,31,8,28,1,2025-04-29 23:04:19.437000000
34353,31,9,59,1,2025-04-29 23:04:19.440000000
34353,31,10,278,1,2025-04-29 23:04:19.440000000
34353,32,1,41,1,2025-04-29 23:04:19.430000000
34353,32,2,16,1,2025-04-29 23:04:19.430000000
34353,32,3,26,1,2025-04-29 23:04:19.430000000
34353,32,4,27,1,2025-04-29 23:04:19.430000000
34353,32,5,30,1,2025-04-29 23:04:19.433000000
34353,32,6,31,1,2025-04-29 23:04:19.433000000
34353,32,7,29,1,2025-04-29 23:04:19.437000000
34353,32,8,28,1,2025-04-29 23:04:19.437000000
34353,32,9,59,1,2025-04-29 23:04:19.440000000
34353,32,10,278,1,2025-04-29 23:04:19.440000000
34356,29,1,322,1,2025-04-29 23:04:19.443000000
34356,30,1,322,1,2025-04-29 23:04:19.447000000
34372,22,1,177,1,2025-04-29 23:04:16.750000000
34380,41,1,263,1,2025-04-29 23:04:23.603000000
34393,23,1,0,1,2025-04-29 23:04:19.447000000
34393,24,1,0,1,2025-05-02 16:40:10.703000000
34394,26,1,0,1,2025-04-29 23:04:19.450000000
34399,28,1,0,1,2025-04-29 23:04:19.450000000
34399,29,1,0,1,2025-04-29 23:04:19.450000000
34410,39,1,0,1,2025-04-29 23:04:23.500000000
34411,46,1,0,1,2025-04-29 23:04:23.510000000
34413,51,1,9,1,2024-08-02 18:22:08.383000000
34413,53,1,9,1,2025-04-29 23:04:23.520000000
34415,58,1,176,1,2025-04-29 23:04:23.527000000
34417,57,1,176,1,2025-04-29 23:04:23.530000000
34419,43,1,0,1,2025-04-29 23:04:23.533000000
34424,47,1,177,1,2025-04-29 23:04:23.537000000
34425,40,1,177,1,2025-04-29 23:04:23.540000000
34425,43,1,177,1,2025-04-29 23:04:23.543000000
34426,55,1,128,1,2025-04-29 23:04:23.543000000
34426,55,2,349,1,2025-04-29 23:04:23.547000000
34426,55,3,157,1,2025-04-29 23:04:23.547000000
34427,100,1,145,1,2025-04-29 23:04:23.550000000
34427,100,2,58,1,2025-04-29 23:04:23.550000000
34427,100,3,76,1,2025-04-29 23:04:23.553000000
34427,100,4,94,1,2025-04-29 23:04:23.553000000
34427,100,5,22,1,2025-04-29 23:04:23.557000000
34427,100,6,354,1,2025-04-29 23:04:23.557000000
34427,100,7,240,1,2025-04-29 23:04:23.560000000
34427,100,8,175,1,2025-04-29 23:04:23.560000000
34427,100,9,250,1,2025-04-29 23:04:23.560000000
34427,100,10,4,1,2025-04-29 23:04:23.563000000
34427,100,11,131,1,2025-04-29 23:04:23.567000000
34427,100,12,47,1,2025-04-29 23:04:23.567000000
34427,100,13,315,1,2025-04-29 23:04:23.567000000
34427,100,14,41,1,2025-04-29 23:04:23.573000000
34427,100,15,42,1,2025-04-29 23:04:23.577000000
34428,93,1,145,1,2025-04-29 23:04:23.600000000
34428,93,2,58,1,2025-04-29 23:04:23.600000000
34428,93,3,76,1,2025-04-29 23:04:23.603000000
34428,93,4,175,1,2025-04-29 23:04:23.603000000
34428,93,5,94,1,2025-04-29 23:04:23.607000000
34428,93,6,22,1,2025-04-29 23:04:23.607000000
34428,93,7,354,1,2025-04-29 23:04:23.607000000
34428,93,8,240,1,2025-04-29 23:04:23.610000000
34428,93,9,250,1,2025-04-29 23:04:23.613000000
34428,93,10,4,1,2025-04-29 23:04:23.620000000
34428,93,11,320,1,2025-04-29 23:04:23.620000000
34428,93,12,131,1,2025-04-29 23:04:23.623000000
34428,93,13,47,1,2025-04-29 23:04:23.630000000
34428,93,14,315,1,2025-04-29 23:04:23.630000000
34428,93,15,41,1,2025-04-29 23:04:23.637000000
34428,93,16,42,1,2025-04-29 23:04:23.640000000
34429,63,1,250,1,2025-04-29 23:04:23.680000000
34429,63,2,89,1,2025-04-29 23:04:23.683000000
34429,63,3,192,1,2025-04-29 23:04:23.687000000
34429,63,4,274,1,2025-04-29 23:04:23.690000000
34429,63,5,237,1,2025-04-29 23:04:23.693000000
34429,63,6,245,1,2025-04-29 23:04:23.697000000
34429,63,7,247,1,2025-04-29 23:04:23.700000000
34430,46,1,17,1,2025-04-29 23:04:23.730000000
34430,46,2,320,1,2025-04-29 23:04:23.730000000
34431,60,1,69,1,2025-04-29 23:04:23.740000000
34431,60,2,56,1,2025-04-29 23:04:23.743000000
34431,60,3,261,1,2025-04-29 23:04:23.743000000
34433,43,1,270,1,2025-04-29 23:04:23.750000000
34434,63,1,95,1,2025-04-29 23:04:23.753000000
34434,63,2,81,1,2025-04-29 23:04:23.753000000
34434,63,3,191,1,2025-04-29 23:04:23.757000000
34434,68,1,81,1,2024-08-08 12:54:54.540000000
34434,68,2,191,1,2024-08-08 12:55:27.467000000
34434,68,3,95,1,2024-08-08 12:55:47.547000000
34454,67,1,0,1,2025-04-29 23:04:23.760000000
34512,48,1,0,1,2025-04-29 23:04:23.760000000
34513,41,1,366,1,2025-04-29 23:04:23.763000000
34519,33,1,372,1,2025-04-29 23:04:16.750000000
34520,32,1,0,1,2025-04-29 23:04:16.750000000
34521,7,1,214,1,2025-04-29 23:04:16.753000000
34522,29,1,0,1,2025-04-29 23:04:16.753000000
34526,22,1,226,1,2025-04-29 23:04:18.940000000
34526,22,2,330,1,2025-04-29 23:04:18.943000000
34526,24,1,226,1,2025-04-29 23:04:18.940000000
34526,24,2,330,1,2025-04-29 23:04:18.943000000
34528,36,1,261,1,2025-04-29 23:04:18.943000000
34536,34,1,0,1,2025-04-29 23:04:18.947000000
34537,45,1,0,1,2025-04-29 23:04:23.767000000
34538,19,1,0,1,2025-04-29 23:04:19.450000000
34539,14,1,140,1,2025-04-29 23:04:19.453000000
34539,15,1,140,1,2025-04-29 23:04:19.457000000
34540,14,1,91,1,2025-04-29 23:04:19.457000000
34541,20,1,0,1,2025-04-29 23:04:19.460000000
34544,47,1,0,1,2025-04-29 23:04:23.770000000
34547,40,1,0,1,2025-04-29 23:04:23.770000000
34548,43,1,0,1,2025-04-29 23:04:23.773000000
34551,32,1,0,1,2025-04-29 23:04:23.777000000
34552,40,1,97,1,2025-04-29 23:04:23.777000000
34553,47,1,0,1,2025-04-29 23:04:23.780000000
34554,34,1,253,1,2025-04-29 23:04:23.780000000
34558,40,1,0,1,2025-04-29 23:04:23.780000000
34559,43,1,0,1,2025-04-29 23:04:23.783000000
34560,76,1,145,1,2025-04-29 23:04:23.787000000
34560,76,2,76,1,2025-04-29 23:04:23.787000000
34560,76,3,175,1,2025-04-29 23:04:23.790000000
34560,76,4,151,1,2025-04-29 23:04:23.790000000
34560,76,5,94,1,2025-04-29 23:04:23.790000000
34560,76,6,354,1,2025-04-29 23:04:23.793000000
34560,76,7,240,1,2025-04-29 23:04:23.793000000
34560,76,8,250,1,2025-04-29 23:04:23.797000000
34560,76,9,4,1,2025-04-29 23:04:23.797000000
34560,76,10,131,1,2025-04-29 23:04:23.800000000
34560,76,11,315,1,2025-04-29 23:04:23.800000000
34560,76,12,41,1,2025-04-29 23:04:23.800000000
34560,76,13,42,1,2025-04-29 23:04:23.803000000
34561,69,1,0,1,2025-04-29 23:04:23.820000000
34562,43,1,0,1,2025-04-29 23:04:23.823000000
34563,51,1,89,1,2025-04-29 23:04:23.827000000
34563,51,2,192,1,2025-04-29 23:04:23.827000000
34563,51,3,274,1,2025-04-29 23:04:23.827000000
34563,51,4,237,1,2025-04-29 23:04:23.830000000
34563,51,5,245,1,2025-04-29 23:04:23.830000000
34563,51,6,247,1,2025-04-29 23:04:23.833000000
34564,83,1,58,1,2025-04-29 23:04:23.843000000
34564,83,2,175,1,2025-04-29 23:04:23.843000000
34564,83,3,151,1,2025-04-29 23:04:23.847000000
34564,83,4,94,1,2025-04-29 23:04:23.847000000
34564,83,5,354,1,2025-04-29 23:04:23.847000000
34564,83,6,240,1,2025-04-29 23:04:23.850000000
34564,83,7,63,1,2025-04-29 23:04:23.850000000
34564,83,8,250,1,2025-04-29 23:04:23.853000000
34564,83,9,4,1,2025-04-29 23:04:23.853000000
34564,83,10,131,1,2025-04-29 23:04:23.853000000
34564,83,11,315,1,2025-04-29 23:04:23.857000000
34564,83,12,41,1,2025-04-29 23:04:23.857000000
34564,83,13,42,1,2025-04-29 23:04:23.860000000
34565,40,1,0,1,2025-04-29 23:04:23.860000000
34567,43,1,0,1,2025-04-29 23:04:23.863000000
34570,52,1,26,1,2025-04-29 23:04:23.883000000
34570,52,2,30,1,2025-04-29 23:04:23.887000000
34570,52,3,31,1,2025-04-29 23:04:23.887000000
34570,52,4,28,1,2025-04-29 23:04:23.890000000
34570,52,5,68,1,2025-04-29 23:04:23.890000000
34570,52,6,278,1,2025-04-29 23:04:23.890000000
34570,52,7,20,1,2025-04-29 23:04:23.893000000
34570,52,8,117,1,2025-04-29 23:04:23.893000000
34573,28,1,179,1,2025-04-29 23:04:23.893000000
34575,43,1,156,1,2025-04-29 23:04:23.897000000
34575,43,2,55,1,2025-04-29 23:04:23.900000000
34575,43,3,194,1,2025-04-29 23:04:23.900000000
34576,67,1,57,1,2025-04-29 23:04:23.907000000
34577,64,1,263,1,2025-04-29 23:04:23.910000000
34578,30,1,22,1,2025-04-29 23:04:23.910000000
34578,30,2,192,1,2025-04-29 23:04:23.913000000
34580,57,1,158,1,2025-04-29 23:04:23.917000000
34594,40,1,270,1,2025-04-29 23:04:18.947000000
34594,42,1,270,1,2025-04-29 23:04:18.947000000
34596,50,1,0,1,2025-04-29 23:04:18.950000000
34614,43,1,0,1,2025-04-29 23:04:18.950000000
34615,40,1,261,1,2025-04-29 23:04:18.950000000
34615,42,1,261,1,2025-04-29 23:04:18.950000000
34616,40,1,240,1,2016-10-04 16:19:10.073000000
34616,42,1,41,1,2025-04-29 23:04:18.953000000
34623,36,1,0,1,2025-04-29 23:04:18.953000000
34624,40,1,270,1,2025-04-29 23:04:18.957000000
34633,49,1,322,1,2019-12-11 14:07:39.850000000
34633,50,1,322,1,2019-12-11 14:07:39.850000000
34633,52,1,322,1,2025-04-29 23:04:18.957000000
34633,54,1,322,1,2025-04-29 23:04:18.957000000
34635,34,1,0,1,2025-04-29 23:04:18.960000000
34636,36,1,179,1,2025-04-29 23:04:18.960000000
34641,25,1,0,1,2025-04-29 23:04:18.963000000
34645,49,1,29,1,2025-04-29 23:04:18.963000000
34645,49,2,28,1,2025-04-29 23:04:18.967000000
34646,26,1,41,1,2025-04-29 23:04:18.967000000
34648,29,1,0,1,2025-04-29 23:04:18.967000000
34658,34,1,0,1,2025-04-29 23:04:18.970000000
34659,30,1,81,1,2025-04-29 23:04:18.970000000
34659,30,2,108,1,2025-04-29 23:04:18.970000000
34760,25,1,56,1,2025-04-29 23:04:18.973000000
34760,25,2,69,1,2025-06-12 19:51:42.847000000
34760,25,3,176,2,2025-06-12 19:51:51.997000000
34760,27,1,56,1,2025-04-29 23:04:18.973000000
34760,27,2,69,1,2025-06-12 19:51:42.847000000
34760,27,3,176,2,2025-06-12 19:51:51.997000000
34761,32,1,201,1,2025-04-29 23:04:18.973000000
34771,49,1,158,1,2025-04-29 23:04:18.977000000
34821,21,1,0,1,2025-04-29 23:04:18.280000000
34823,27,1,0,1,2025-04-29 23:04:18.280000000
34824,21,1,0,1,2025-04-29 23:04:18.280000000
34833,94,1,238,1,2025-04-29 23:04:22.353000000
34833,94,2,160,1,2025-04-29 23:04:22.360000000
34833,94,3,345,1,2025-04-29 23:04:22.363000000
34833,94,4,357,1,2025-04-29 23:04:22.367000000
34856,62,1,0,1,2025-04-29 23:04:22.370000000
34859,34,1,270,1,2025-04-29 23:04:16.757000000
34864,42,1,0,1,2025-04-29 23:04:22.377000000
34865,72,1,177,1,2025-04-29 23:04:22.380000000
34869,42,1,0,1,2025-04-29 23:04:23.917000000
34887,44,1,0,1,2025-04-29 23:04:22.383000000
34887,53,1,0,1,2025-04-29 23:04:22.427000000
34892,123,1,11,1,2025-04-29 23:04:22.430000000
34892,123,2,15,1,2025-04-29 23:04:22.437000000
34892,123,3,176,1,2025-04-29 23:04:22.440000000
34912,20,1,372,1,2025-04-29 23:04:16.757000000
34914,68,1,159,1,2025-04-29 23:04:22.447000000
34924,79,1,263,1,2025-04-29 23:04:22.450000000
34938,68,1,129,1,2025-04-29 23:04:22.453000000
34961,48,1,129,1,2025-04-29 23:04:22.460000000
34975,67,1,200,1,2025-04-29 23:04:22.463000000
34976,34,1,0,1,2025-04-29 23:04:16.760000000
34998,33,1,0,1,2025-04-29 23:04:22.470000000
35000,144,1,372,1,2025-04-29 23:04:23.420000000
35000,149,1,372,1,2025-04-29 23:04:23.420000000
35001,11,1,64,1,2025-04-29 23:04:23.600000000
35003,61,1,0,1,2025-04-29 23:04:22.473000000
35004,23,1,0,1,2025-04-29 23:04:22.477000000
35006,119,1,29,1,2025-04-29 23:04:22.480000000
35006,119,2,28,1,2025-04-29 23:04:22.487000000
35006,119,3,59,1,2025-04-29 23:04:22.490000000
35007,81,1,0,1,2025-04-29 23:04:22.497000000
35010,40,1,15,1,2025-04-29 23:04:22.500000000
35010,40,2,11,1,2025-04-29 23:04:22.503000000
35013,36,1,0,1,2025-04-29 23:04:22.510000000
35014,39,1,156,1,2025-04-29 23:04:22.513000000
35014,39,2,55,1,2025-04-29 23:04:22.517000000
35014,39,3,203,1,2025-04-29 23:04:22.523000000
35014,39,4,194,1,2025-04-29 23:04:22.527000000
35016,36,1,263,1,2025-04-29 23:04:22.530000000
35022,67,1,57,1,2025-04-29 23:04:22.537000000
35025,98,1,0,1,2025-04-29 23:04:15.297000000
35026,75,1,0,1,2025-04-29 23:04:23.920000000
35028,10,1,0,1,2025-04-29 23:04:23.760000000
35035,74,1,201,1,2025-04-29 23:04:22.540000000
35035,74,2,255,1,2025-04-29 23:04:22.547000000
35038,76,1,128,1,2025-04-29 23:04:22.550000000
35038,76,2,349,1,2025-04-29 23:04:22.560000000
35038,76,3,157,1,2025-04-29 23:04:22.563000000
35038,76,4,350,1,2025-04-29 23:04:22.570000000
35038,76,5,56,1,2025-04-29 23:04:22.573000000
35038,76,6,261,1,2025-04-29 23:04:22.580000000
35038,76,7,69,1,2025-04-29 23:04:22.583000000
35038,76,8,176,1,2025-04-29 23:04:22.587000000
35041,113,1,217,5,2016-08-17 12:25:32.367000000
35041,140,1,217,1,2025-04-29 23:04:22.593000000
35041,140,2,47,1,2025-04-29 23:04:22.597000000
35041,140,3,139,1,2025-04-29 23:04:22.603000000
35048,82,1,0,1,2025-04-29 23:04:23.920000000
35049,58,1,0,1,2025-04-29 23:04:22.607000000
35050,55,1,32,1,2025-04-29 23:04:22.610000000
35050,55,2,226,1,2025-04-29 23:04:22.617000000
35050,55,3,330,1,2025-04-29 23:04:22.620000000
35062,122,1,333,1,2025-04-29 23:04:22.627000000
35070,76,1,89,1,2025-04-29 23:04:22.630000000
35073,51,1,0,1,2025-04-29 23:04:15.297000000
35074,32,1,0,1,2025-04-29 23:04:23.200000000
35075,34,1,0,1,2025-04-29 23:04:23.587000000
35076,56,1,0,1,2025-04-29 23:04:23.663000000
35080,53,1,81,1,2025-04-29 23:04:23.607000000
35080,53,2,108,1,2025-04-29 23:04:23.607000000
35080,53,3,191,1,2025-04-29 23:04:23.610000000
35081,85,1,270,1,2025-04-29 23:04:22.637000000
35083,96,1,177,1,2025-04-29 23:04:22.640000000
35083,96,2,263,1,2025-04-29 23:04:22.643000000
35083,96,3,211,1,2025-04-29 23:04:22.647000000
35083,96,4,292,1,2025-04-29 23:04:22.653000000
35083,96,5,298,1,2025-04-29 23:04:22.653000000
35083,96,6,271,1,2025-04-29 23:04:22.660000000
35083,108,1,177,1,2025-04-29 23:04:22.923000000
35083,108,2,263,1,2025-04-29 23:04:22.923000000
35083,108,3,211,1,2025-04-29 23:04:22.930000000
35083,108,4,292,1,2025-04-29 23:04:22.933000000
35083,108,5,298,1,2025-04-29 23:04:22.937000000
35083,108,6,271,1,2025-04-29 23:04:22.940000000
35089,30,1,81,1,2025-04-29 23:04:22.943000000
35090,95,1,64,1,2025-04-29 23:04:22.947000000
35090,95,2,69,1,2025-04-29 23:04:22.950000000
35090,95,3,129,1,2025-04-29 23:04:22.957000000
35091,103,1,60,1,2025-04-29 23:04:22.963000000
35091,103,2,213,1,2025-04-29 23:04:22.970000000
35091,103,3,9,1,2025-04-29 23:04:22.973000000
35091,103,4,239,1,2025-04-29 23:04:22.977000000
35092,78,1,0,1,2025-04-29 23:04:22.980000000
35093,114,1,158,1,2025-04-29 23:04:22.987000000
35098,27,1,270,1,2025-04-29 23:04:23.423000000
35099,60,1,98,1,2025-04-29 23:04:22.987000000
35099,60,2,100,1,2025-04-29 23:04:22.993000000
35099,60,3,101,1,2025-04-29 23:04:22.997000000
35099,60,4,102,1,2025-04-29 23:04:23
35101,128,1,0,1,2025-04-29 23:04:23.010000000
35121,31,1,176,1,2025-04-29 23:04:18.980000000
35121,33,1,176,1,2025-04-29 23:04:18.980000000
35124,23,1,0,1,2025-04-29 23:04:18.980000000
35125,76,1,12,1,2025-04-29 23:04:23.020000000
35125,76,2,131,1,2025-04-29 23:04:23.020000000
35125,76,3,232,1,2025-04-29 23:04:23.027000000
35125,76,4,217,1,2025-04-29 23:04:23.030000000
35125,76,5,47,1,2025-04-29 23:04:23.037000000
35125,76,6,139,1,2025-04-29 23:04:23.037000000
35130,66,1,0,1,2025-04-29 23:04:23.040000000
35132,54,1,0,1,2025-04-29 23:04:23.920000000
35136,31,1,240,1,2019-11-20 15:24:04.527000000
35136,32,1,240,1,2019-11-20 15:24:04.527000000
35136,33,1,240,1,2025-04-29 23:04:17.237000000
35138,43,1,171,1,2025-04-29 23:04:23.047000000
35160,59,1,0,1,2025-04-29 23:04:17.240000000
35163,26,1,64,1,2025-04-29 23:04:17.240000000
35163,26,2,14,1,2025-04-29 23:04:17.240000000
35163,28,1,64,1,2025-04-29 23:04:17.247000000
35163,28,2,14,1,2025-04-29 23:04:17.247000000
35170,54,1,0,1,2025-04-29 23:04:17.250000000
35172,68,1,0,1,2025-04-29 23:04:17.250000000
35175,63,1,176,1,2025-04-29 23:04:17.250000000
35175,63,2,177,1,2025-04-29 23:04:17.253000000
35222,25,1,135,1,2025-04-29 23:04:18.980000000
35222,25,2,15,1,2025-04-29 23:04:18.983000000
35222,25,3,11,1,2025-04-29 23:04:18.983000000
35249,18,1,11,1,2025-04-29 23:04:19.460000000
35249,18,2,135,1,2025-04-29 23:04:19.460000000
35249,18,3,15,1,2025-04-29 23:04:19.463000000
35249,19,1,135,1,2025-05-02 14:42:22.680000000
35249,19,2,15,1,2025-05-02 14:42:46.970000000
35249,19,3,11,2,2025-05-02 14:43:02.007000000
35350,60,1,81,1,2025-04-29 23:04:23.050000000
35350,60,2,95,1,2025-04-29 23:04:23.053000000
35391,17,1,331,1,2025-04-29 23:04:23.060000000
35391,17,2,336,1,2025-04-29 23:04:23.063000000
35395,48,1,171,1,2025-04-29 23:04:23.067000000
35396,208,1,372,1,2025-04-29 23:04:23.070000000
35396,208,2,281,1,2025-04-29 23:04:23.073000000
35396,220,1,281,7,2025-04-30 17:31:47
35396,220,2,372,2,2025-04-30 17:32:18.190000000
35397,64,1,165,1,2025-04-29 23:04:23.190000000
35397,64,2,212,1,2025-04-29 23:04:23.190000000
35397,64,3,164,1,2025-04-29 23:04:23.197000000
35397,64,4,263,1,2025-04-29 23:04:23.200000000
35434,30,1,169,1,2025-04-29 23:04:23.207000000
35442,24,1,0,1,2025-04-29 23:04:19.463000000
35442,25,1,0,1,2025-04-29 23:04:19.467000000
35451,53,1,165,1,2025-04-29 23:04:23.210000000
35451,53,2,263,1,2025-04-29 23:04:23.217000000
35456,65,1,11,1,2025-04-29 23:04:17.257000000
35456,65,2,135,1,2025-04-29 23:04:17.260000000
35456,65,3,15,1,2025-04-29 23:04:17.260000000
35457,58,1,11,1,2025-04-29 23:04:17.263000000
35457,58,2,135,1,2025-04-29 23:04:17.263000000
35457,58,3,15,1,2025-04-29 23:04:17.267000000
35486,20,1,249,1,2025-04-29 23:04:18.987000000
35486,20,2,231,1,2025-04-29 23:04:18.987000000
35486,20,3,42,1,2025-04-29 23:04:18.990000000
35490,77,1,0,1,2025-04-29 23:04:18.990000000
35490,79,3,0,1,2025-04-29 23:04:18.993000000
35490,81,3,0,1,2025-04-29 23:04:18.993000000
35494,28,1,0,1,2025-04-29 23:04:18.993000000
35498,28,1,129,1,2025-04-29 23:04:18.997000000
35526,33,1,0,1,2025-04-29 23:04:17.267000000
35677,88,1,0,1,2025-04-29 23:04:23.920000000
35702,26,1,0,1,2025-04-29 23:04:17.270000000
35704,21,1,0,1,2025-04-29 23:04:17.270000000
35724,80,1,0,1,2025-04-29 23:04:23.923000000
35751,43,2,165,1,2015-06-10 13:14:17.133000000
35751,43,4,263,3,2015-06-10 13:14:17.147000000
35751,45,2,165,1,2015-06-10 13:14:17.133000000
35751,45,4,263,3,2015-06-10 13:14:17.147000000
35751,47,1,165,1,2025-04-29 23:04:18.997000000
35751,47,2,263,1,2025-04-29 23:04:19
35753,37,1,212,1,2025-04-29 23:04:19
35753,37,2,263,1,2025-04-29 23:04:19
35753,37,3,204,1,2025-04-29 23:04:19.003000000
35755,33,1,263,1,2025-04-29 23:04:19.007000000
35761,38,1,165,1,2025-04-29 23:04:19.007000000
35761,38,2,164,1,2025-04-29 23:04:19.010000000
35761,38,3,263,1,2025-04-29 23:04:19.010000000
35761,38,4,204,1,2025-04-29 23:04:19.013000000
35891,33,1,0,1,2025-04-29 23:04:19.467000000
35891,34,1,0,1,2025-04-29 23:04:19.467000000
35897,30,1,0,1,2025-04-29 23:04:19.470000000
35897,31,1,0,1,2025-05-02 16:40:26.897000000
35906,23,1,270,1,2025-04-29 23:04:19.470000000
35906,24,1,270,1,2025-04-29 23:04:19.470000000
35922,44,1,0,1,2025-04-29 23:04:23.923000000
35936,50,2,11,2,2025-05-01 19:10:07.003000000
35936,50,3,176,2,2025-05-01 19:10:07.007000000
35936,50,4,15,1,2025-05-01 19:10:07.010000000
35974,28,1,0,1,2025-04-29 23:04:15.300000000
35984,21,1,0,1,2025-04-29 23:04:19.473000000
35984,22,1,0,1,2025-04-29 23:04:19.473000000
35986,28,1,0,1,2025-04-29 23:04:19.473000000
35986,35,1,0,1,2025-04-29 23:04:19.477000000
35998,34,1,201,1,2025-04-29 23:04:19.013000000
36000,19,1,0,1,2025-04-29 23:04:19.017000000
36007,65,1,0,1,2025-04-29 23:04:23.220000000
36021,48,1,0,1,2025-04-29 23:04:19.480000000
36029,42,1,0,1,2025-04-29 23:04:19.480000000
36029,43,1,0,1,2025-04-29 23:04:19.480000000
36039,12,1,177,1,2025-04-29 23:04:23.733000000
36044,58,1,0,1,2025-04-29 23:04:15.307000000
36089,30,1,0,1,2025-04-29 23:04:15.310000000
36094,55,1,0,1,2025-04-29 23:04:17.273000000
36113,23,1,0,1,2025-04-29 23:04:19.480000000
36117,34,1,0,1,2025-04-29 23:04:19.483000000
36117,35,1,0,1,2025-04-29 23:04:19.483000000
36125,40,1,0,1,2025-04-29 23:04:15.313000000
36129,54,1,102,1,2025-04-29 23:04:15.317000000
36139,29,1,102,1,2025-04-29 23:04:19.483000000
36139,30,1,102,1,2025-04-29 23:04:19.487000000
36155,22,1,0,1,2025-04-29 23:04:17.273000000
36159,21,1,0,1,2025-04-29 23:04:17.277000000
36180,36,1,0,1,2025-04-29 23:04:17.277000000
36186,36,1,0,1,2025-04-29 23:04:17.277000000
36188,23,1,0,1,2025-04-29 23:04:17.280000000
36192,22,1,0,1,2025-04-29 23:04:17.280000000
36204,21,1,240,1,2019-11-20 15:26:24.117000000
36204,22,1,240,1,2025-04-29 23:04:17.280000000
36236,17,1,0,1,2025-04-29 23:04:22.837000000
36240,57,1,266,1,2025-04-29 23:04:23.227000000
36240,57,2,155,1,2025-04-29 23:04:23.230000000
36241,98,1,266,1,2025-04-29 23:04:23.233000000
36241,98,2,187,1,2025-04-29 23:04:23.240000000
36241,98,3,161,1,2025-04-29 23:04:23.243000000
36241,98,4,241,1,2025-04-29 23:04:23.250000000
36256,51,1,0,1,2025-04-29 23:04:17.283000000
36267,36,1,234,1,2025-04-29 23:04:18.280000000
36267,36,2,190,1,2025-04-29 23:04:18.283000000
36267,40,1,234,1,2025-04-29 23:04:18.293000000
36267,40,2,190,1,2025-04-29 23:04:18.297000000
36286,21,1,0,1,2025-04-29 23:04:17.287000000
36335,24,1,0,1,2025-04-29 23:04:17.287000000
36339,23,1,0,1,2025-04-29 23:04:17.290000000
36351,36,1,0,1,2025-04-29 23:04:17.290000000
36353,34,1,0,1,2025-04-29 23:04:17.293000000
36358,38,1,102,1,2025-04-29 23:04:17.293000000
36362,33,1,102,1,2025-04-29 23:04:17.297000000
36377,19,1,217,1,2025-04-29 23:04:16.760000000
36377,19,2,47,1,2025-04-29 23:04:16.760000000
36377,19,3,139,1,2025-04-29 23:04:16.763000000
36380,26,1,0,1,2025-04-29 23:04:17.297000000
36386,23,1,0,1,2025-04-29 23:04:17.297000000
36393,37,1,29,1,2025-04-29 23:04:16.763000000
36393,37,2,28,1,2025-04-29 23:04:16.767000000
36393,37,3,59,1,2025-04-29 23:04:16.767000000
36400,18,1,0,1,2025-04-29 23:04:19.017000000
36402,33,1,187,1,2016-01-18 14:02:57.740000000
36402,33,2,161,1,2016-01-18 14:02:57.757000000
36402,33,3,266,1,2016-01-18 14:02:57.757000000
36402,35,1,266,1,2025-04-29 23:04:19.017000000
36402,35,2,187,1,2025-04-29 23:04:19.020000000
36402,35,3,161,1,2025-04-29 23:04:19.020000000
36406,9,1,0,1,2025-04-29 23:04:23.413000000
36408,31,1,266,1,2025-04-29 23:04:19.023000000
36408,31,2,155,1,2025-04-29 23:04:19.023000000
36425,19,1,0,1,2025-04-29 23:04:19.487000000
36427,38,1,81,1,2025-04-29 23:04:23.927000000
36460,25,1,256,1,2025-04-29 23:04:19.490000000
36464,27,1,0,1,2025-04-29 23:04:15.320000000
36469,24,1,0,1,2025-04-29 23:04:19.490000000
36485,21,1,0,1,2025-04-29 23:04:19.490000000
36494,15,1,0,1,2025-04-29 23:04:19.493000000
36499,24,1,372,1,2025-04-29 23:04:16.770000000
36499,28,1,372,1,2025-04-29 23:04:16.777000000
36523,33,1,102,1,2025-04-29 23:04:19.027000000
36524,40,1,270,1,2025-04-29 23:04:17.300000000
36526,32,1,270,1,2025-04-29 23:04:17.300000000
36538,18,1,0,1,2025-04-29 23:04:17.303000000
36544,17,1,0,1,2025-04-29 23:04:17.303000000
36551,18,1,0,1,2025-04-29 23:04:17.307000000
36569,18,1,0,1,2025-04-29 23:04:17.307000000
36573,16,1,0,1,2025-04-29 23:04:17.310000000
36575,17,1,0,1,2025-04-29 23:04:17.310000000
36577,16,1,0,1,2025-04-29 23:04:17.313000000
36593,34,1,20,1,2025-04-29 23:04:23.927000000
36593,34,2,226,1,2025-04-29 23:04:23.930000000
36593,34,3,330,1,2025-04-29 23:04:23.930000000
36593,37,1,20,1,2025-04-29 23:04:23.937000000
36593,37,2,226,1,2025-04-29 23:04:23.937000000
36593,37,3,330,1,2025-04-29 23:04:23.940000000
36658,20,1,1,1,2025-04-29 23:04:19.493000000
36665,19,1,0,1,2025-04-29 23:04:15.320000000
36668,44,1,0,1,2025-04-29 23:04:17.317000000
36675,18,1,0,1,2025-04-29 23:04:19.497000000
36678,30,1,0,1,2025-04-29 23:04:17.317000000
36680,25,1,0,1,2025-04-29 23:04:17.320000000
36690,34,1,217,1,2025-04-29 23:04:19.497000000
36690,35,1,217,6,2025-05-02 14:43:47.977000000
36692,26,1,0,1,2025-04-29 23:04:17.320000000
36700,15,1,0,1,2025-04-29 23:04:17.320000000
36702,16,1,0,1,2025-04-29 23:04:17.323000000
36704,20,1,0,1,2025-04-29 23:04:17.327000000
36706,20,1,0,1,2025-04-29 23:04:17.327000000
36707,39,1,0,1,2025-04-29 23:04:17.327000000
36715,54,1,372,1,2025-04-29 23:04:23.253000000
36715,58,1,372,1,2025-04-29 23:04:23.277000000
36761,20,1,0,1,2025-04-29 23:04:23.940000000
36763,29,1,0,1,2025-04-29 23:04:15.323000000
36767,27,1,0,1,2025-04-29 23:04:16.777000000
36797,20,1,0,1,2025-04-29 23:04:19.027000000
36805,23,1,0,1,2025-04-29 23:04:19.030000000
36805,25,1,0,1,2025-04-29 23:04:19.030000000
36807,43,1,0,1,2025-04-29 23:04:19.030000000
36807,45,1,0,1,2025-04-29 23:04:19.030000000
36811,14,1,0,1,2025-04-29 23:04:19.033000000
36811,16,1,0,1,2025-04-30 18:53:14.260000000
36815,25,1,0,1,2025-04-29 23:04:19.037000000
36831,34,1,0,1,2025-04-29 23:04:23.760000000
36839,21,1,330,1,2025-04-29 23:04:19.037000000
36839,21,2,226,1,2025-04-29 23:04:19.040000000
36839,23,1,330,1,2025-04-29 23:04:19.037000000
36839,23,2,226,1,2025-04-29 23:04:19.040000000
36846,17,1,0,1,2025-04-29 23:04:17.330000000
36850,24,1,0,1,2025-04-29 23:04:23.567000000
36857,16,1,0,1,2025-04-29 23:04:17.330000000
36859,26,1,373,1,2025-04-29 23:04:17.333000000
36861,20,1,226,1,2025-04-29 23:04:17.337000000
36861,20,2,330,1,2025-04-29 23:04:17.337000000
36861,24,1,226,1,2025-04-29 23:04:17.340000000
36861,24,2,330,1,2025-04-29 23:04:17.343000000
36864,18,1,0,1,2025-04-29 23:04:17.343000000
36866,17,1,0,1,2025-04-29 23:04:17.347000000
36868,24,1,281,1,2025-04-29 23:04:17.350000000
36889,24,1,36,1,2025-04-29 23:04:17.353000000
36902,14,1,330,1,2025-04-29 23:04:19.500000000
36902,14,2,226,1,2025-04-29 23:04:19.500000000
36902,15,1,330,1,2025-04-29 23:04:19.503000000
36902,15,2,226,1,2025-04-29 23:04:19.507000000
36906,18,1,0,1,2025-04-29 23:04:19.510000000
36906,19,1,0,1,2025-04-29 23:04:19.510000000
36912,30,1,0,1,2025-04-29 23:04:15.323000000
36920,92,1,0,1,2025-04-29 23:04:23.283000000
36941,21,1,0,1,2025-04-29 23:04:17.357000000
36947,20,1,0,1,2025-04-29 23:04:17.357000000
36951,18,1,0,1,2025-04-29 23:04:19.510000000
36951,19,1,0,1,2025-04-29 23:04:19.517000000
36975,21,1,0,1,2025-04-29 23:04:19.520000000
36975,22,1,0,1,2025-04-29 23:04:19.523000000
37001,19,1,0,1,2025-04-29 23:04:19.040000000
37003,14,1,0,1,2025-04-29 23:04:19.040000000
37011,22,1,0,1,2025-04-29 23:04:19.043000000
37015,25,1,0,1,2025-04-29 23:04:19.043000000
37020,22,1,64,1,2025-04-29 23:04:17.357000000
37020,22,2,14,1,2025-04-29 23:04:17.360000000
37020,25,1,64,1,2025-04-29 23:04:17.367000000
37020,25,2,14,1,2025-04-29 23:04:17.367000000
37022,30,1,0,1,2025-04-29 23:04:23.943000000
37027,19,1,9,1,2025-04-29 23:04:17.370000000
37031,35,1,0,1,2025-04-29 23:04:15.327000000
37033,30,1,0,1,2025-04-29 23:04:15.330000000
37054,21,1,0,1,2025-04-29 23:04:17.370000000
37062,22,1,0,1,2025-04-29 23:04:17.370000000
37066,28,1,0,1,2025-04-29 23:04:17.373000000
37068,22,1,0,1,2025-04-29 23:04:17.373000000
37070,25,1,0,1,2025-04-29 23:04:17.377000000
37072,22,1,0,1,2025-04-29 23:04:17.377000000
37086,26,1,0,1,2025-04-29 23:04:17.380000000
37088,21,1,0,1,2025-04-29 23:04:17.380000000
37126,20,1,0,1,2025-04-29 23:04:19.527000000
37126,21,1,0,1,2025-04-29 23:04:19.530000000
37130,19,1,0,1,2025-04-29 23:04:19.537000000
37130,21,1,0,1,2025-04-29 23:04:19.537000000
37166,22,1,12,1,2025-04-29 23:04:16.780000000
37166,22,2,131,1,2025-04-29 23:04:16.780000000
37166,22,3,232,1,2025-04-29 23:04:16.780000000
37166,22,4,217,1,2025-04-29 23:04:16.783000000
37166,22,5,47,1,2025-04-29 23:04:16.783000000
37166,22,6,139,1,2025-04-29 23:04:16.787000000
37176,57,1,0,1,2025-04-29 23:04:23.943000000
37199,14,1,0,1,2025-04-29 23:04:19.043000000
37205,15,1,0,1,2025-04-29 23:04:19.047000000
37210,19,1,0,1,2025-04-29 23:04:19.047000000
37216,23,1,0,1,2025-04-29 23:04:19.047000000
37228,22,1,131,1,2025-04-29 23:04:19.050000000
37228,22,2,232,1,2025-04-29 23:04:19.050000000
37228,22,3,217,1,2025-04-29 23:04:19.053000000
37228,22,4,47,1,2025-04-29 23:04:19.057000000
37228,22,5,315,1,2025-04-29 23:04:19.057000000
37228,24,1,131,1,2025-04-29 23:04:19.067000000
37228,24,2,232,1,2025-04-29 23:04:19.070000000
37228,24,3,217,1,2025-04-29 23:04:19.070000000
37228,24,4,47,1,2025-04-29 23:04:19.070000000
37228,24,5,315,1,2025-04-29 23:04:19.073000000
37244,39,1,9,1,2025-04-29 23:04:23.410000000
37244,39,2,60,1,2025-04-29 23:04:23.410000000
37244,39,4,239,1,2025-05-07 13:19:34.733000000
37254,14,1,0,1,2025-04-29 23:04:19.540000000
37254,15,1,0,1,2025-04-29 23:04:19.543000000
37260,24,1,0,1,2025-04-29 23:04:15.330000000
37260,27,1,0,1,2025-04-29 23:04:15.333000000
37264,21,1,0,1,2025-04-29 23:04:15.337000000
37281,22,1,176,1,2025-04-29 23:04:17.380000000
37281,22,2,177,1,2025-04-29 23:04:17.383000000
37283,16,1,0,1,2025-04-29 23:04:17.383000000
37293,27,1,17,1,2025-04-29 23:04:17.387000000
37293,27,2,320,1,2025-04-29 23:04:17.387000000
37295,21,1,0,1,2025-04-29 23:04:17.390000000
37299,25,1,0,1,2025-04-29 23:04:17.390000000
37299,29,1,0,1,2025-04-29 23:04:17.393000000
37311,20,1,0,1,2025-04-29 23:04:17.393000000
37313,22,1,0,1,2025-04-29 23:04:17.397000000
37313,25,1,0,1,2025-04-29 23:04:17.400000000
37352,21,1,0,1,2025-04-29 23:04:19.543000000
37352,22,1,0,1,2025-04-29 23:04:19.550000000
37352,24,1,0,1,2025-04-29 23:04:19.553000000
37356,15,1,0,1,2025-04-29 23:04:19.557000000
37356,16,1,0,1,2025-05-02 16:41:00.570000000
37360,17,1,240,1,2025-04-29 23:04:17.400000000
37364,23,1,0,1,2025-04-29 23:04:19.560000000
37371,42,1,1,1,2025-04-29 23:04:23.287000000
37373,37,1,176,1,2025-04-29 23:04:17.403000000
37373,37,2,177,1,2025-04-29 23:04:17.403000000
37379,37,1,263,1,2025-04-29 23:04:23.943000000
37387,25,1,0,1,2025-04-29 23:04:23.950000000
37398,21,1,1,1,2025-04-29 23:04:16.787000000
37421,24,1,177,1,2025-04-29 23:04:23.340000000
37421,24,2,263,1,2025-04-29 23:04:23.340000000
37475,17,1,156,1,2025-04-29 23:04:23.127000000
37475,17,2,55,1,2025-04-29 23:04:23.130000000
37475,17,3,194,1,2025-04-29 23:04:23.137000000
37502,18,1,156,1,2025-04-29 23:04:17.410000000
37502,18,2,55,1,2025-04-29 23:04:17.410000000
37502,18,3,194,1,2025-04-29 23:04:17.410000000
37504,16,1,156,1,2025-04-29 23:04:17.417000000
37504,16,2,55,1,2025-04-29 23:04:17.420000000
37504,16,3,194,1,2025-04-29 23:04:17.420000000
37531,20,1,0,1,2025-04-29 23:04:23.950000000
37535,18,1,0,1,2025-04-29 23:04:23.763000000
37537,18,1,156,1,2025-04-29 23:04:19.073000000
37537,18,2,55,1,2025-04-29 23:04:19.077000000
37537,18,3,194,1,2025-04-29 23:04:19.077000000
37539,15,1,0,1,2025-04-29 23:04:19.077000000
37539,17,1,0,1,2025-04-29 23:04:19.080000000
37547,17,1,0,1,2025-04-29 23:04:17.427000000
37549,17,1,0,1,2025-04-29 23:04:17.427000000
37561,15,1,0,1,2025-04-29 23:04:16.787000000
37561,20,1,0,1,2025-04-29 23:04:16.793000000
37564,9,1,156,1,2019-01-04 00:52:01.297000000
37564,9,2,55,1,2019-01-04 00:52:19.970000000
37564,9,3,194,1,2019-01-04 00:52:31.927000000
37564,12,1,156,1,2025-04-29 23:04:16.793000000
37564,12,2,55,1,2025-04-29 23:04:16.797000000
37564,12,3,194,1,2025-04-29 23:04:16.797000000
37575,20,1,156,1,2025-04-29 23:04:19.563000000
37575,20,2,194,1,2025-04-29 23:04:19.567000000
37575,21,1,156,1,2025-04-29 23:04:19.573000000
37575,21,2,194,1,2025-04-29 23:04:19.580000000
37578,27,1,0,1,2025-04-29 23:04:19.580000000
37578,28,1,0,1,2025-04-29 23:04:19.583000000
37581,24,1,0,1,2025-04-29 23:04:23.950000000
37598,19,1,0,1,2025-04-29 23:04:19.587000000
37598,20,1,0,1,2025-04-29 23:04:19.587000000
37602,15,1,0,1,2025-04-29 23:04:23.953000000
37606,13,1,198,1,2025-04-29 23:04:23.180000000
37606,13,2,372,1,2025-04-29 23:04:23.183000000
37606,17,1,198,1,2025-04-30 16:32:25.780000000
37606,17,2,372,2,2025-04-30 16:32:25.790000000
37608,18,1,0,1,2025-04-29 23:04:19.587000000
37616,13,1,0,1,2025-04-29 23:04:17.427000000
37616,15,1,0,1,2025-04-29 23:04:17.430000000
37618,13,1,0,1,2025-04-29 23:04:17.430000000
37618,15,1,0,1,2025-04-29 23:04:17.430000000
37620,15,1,0,1,2025-04-29 23:04:17.433000000
37622,15,1,0,1,2025-04-29 23:04:17.433000000
37628,21,1,253,1,2025-04-29 23:04:17.437000000
37630,20,1,253,1,2025-04-29 23:04:17.440000000
37632,26,1,240,1,2025-04-29 23:04:23.953000000
37633,26,1,16,1,2025-04-29 23:04:23.957000000
37638,31,1,0,1,2025-04-29 23:04:23.960000000
37641,16,1,11,1,2025-04-29 23:04:23.963000000
37641,16,2,283,1,2025-04-29 23:04:23.963000000
37641,16,3,284,1,2025-04-29 23:04:23.967000000
37642,14,1,11,2,2024-08-26 20:18:24.847000000
37642,14,2,135,1,2024-08-26 20:18:56.610000000
37642,14,3,15,1,2024-08-26 20:19:23.277000000
37642,18,4,135,1,2025-04-29 23:04:23.970000000
37642,18,5,15,1,2025-04-29 23:04:23.973000000
37642,18,6,11,1,2025-04-29 23:04:23.973000000
37643,24,1,171,1,2025-04-29 23:04:23.973000000
37644,22,1,0,1,2025-04-29 23:04:23.977000000
37663,18,1,0,1,2025-04-29 23:04:19.080000000
37663,20,1,0,1,2025-04-30 19:08:30.617000000
37725,41,1,0,1,2025-04-29 23:04:15.340000000
37725,44,1,0,1,2025-04-29 23:04:15.340000000
37729,24,1,0,1,2025-04-29 23:04:17.440000000
37738,22,1,0,1,2025-04-29 23:04:17.443000000
37748,26,1,0,1,2025-04-29 23:04:17.443000000
37748,28,1,0,1,2025-04-29 23:04:17.443000000
37750,26,1,0,1,2025-04-29 23:04:17.443000000
37750,29,1,0,1,2025-04-29 23:04:17.443000000
37761,22,1,0,1,2025-04-29 23:04:23.980000000
37772,14,1,0,1,2025-04-29 23:04:19.083000000
37774,15,1,371,1,2025-04-29 23:04:23.980000000
37779,16,1,0,1,2025-04-29 23:04:23.983000000
37790,19,1,0,1,2025-04-29 23:04:19.590000000
37792,16,1,152,1,2025-04-29 23:04:23.290000000
37792,16,2,268,1,2025-04-29 23:04:23.293000000
37794,18,1,0,1,2025-04-29 23:04:15.340000000
37798,13,1,152,1,2025-04-29 23:04:16.800000000
37798,13,2,268,1,2025-04-29 23:04:16.800000000
37800,19,1,266,1,2025-04-29 23:04:16.800000000
37800,19,2,155,1,2025-04-29 23:04:16.803000000
37810,17,1,198,1,2025-04-29 23:04:23.190000000
37810,17,2,372,1,2025-04-29 23:04:23.197000000
37822,16,1,0,1,2025-04-29 23:04:17.447000000
37824,16,1,0,1,2025-04-29 23:04:17.447000000
37826,28,1,313,1,2025-04-29 23:04:23.987000000
37832,20,1,0,1,2025-04-29 23:04:19.590000000
37848,18,1,0,1,2025-04-29 23:04:23.990000000
37851,13,1,0,1,2025-04-29 23:04:22.837000000
37851,14,1,0,1,2025-04-29 23:04:22.837000000
37857,20,1,0,1,2025-04-29 23:04:15.343000000
37863,25,1,0,1,2025-04-29 23:04:23.990000000
37870,19,1,372,1,2025-04-29 23:04:15.347000000
37873,14,1,12,1,2025-04-29 23:04:23.990000000
37887,24,1,0,1,2025-04-29 23:04:17.447000000
37891,23,1,0,1,2025-04-29 23:04:17.450000000
37893,30,1,201,1,2025-04-29 23:04:23.297000000
37897,15,1,372,1,2025-04-29 23:04:17.450000000
37899,13,1,372,1,2025-04-29 23:04:17.450000000
37903,17,1,372,1,2025-04-29 23:04:19.590000000
37903,18,1,372,1,2025-04-29 23:04:19.590000000
37905,16,1,0,1,2025-04-29 23:04:19.593000000
37905,17,1,0,1,2025-04-29 23:04:19.593000000
37913,13,1,0,1,2025-04-29 23:04:19.087000000
37913,15,1,0,1,2025-04-30 19:09:40.723000000
37919,12,1,0,1,2025-04-29 23:04:19.087000000
37921,16,1,372,1,2025-04-29 23:04:19.090000000
38014,8,1,0,1,2025-04-29 23:04:22.987000000
38016,17,1,0,1,2025-04-29 23:04:19.597000000
38016,18,1,0,1,2025-04-29 23:04:19.597000000
38016,19,1,0,1,2025-04-29 23:04:19.597000000
38016,21,1,0,1,2025-04-29 23:04:19.597000000
38018,16,1,0,1,2025-04-29 23:04:19.090000000
38018,18,1,0,1,2025-04-29 23:04:19.090000000
38026,26,1,0,1,2025-04-29 23:04:23.993000000
38033,13,1,313,1,2025-04-29 23:04:23.993000000
38043,9,1,372,1,2025-04-29 23:04:15.350000000
38043,14,1,372,1,2025-04-29 23:04:15.353000000
38045,17,1,372,1,2025-04-29 23:04:15.353000000
38047,13,1,372,1,2025-04-29 23:04:15.357000000
38051,17,1,0,1,2025-04-29 23:04:15.360000000
38065,11,1,372,1,2025-04-29 23:04:19.597000000
38067,12,1,372,1,2025-04-29 23:04:19.600000000
38070,10,1,372,1,2025-04-29 23:04:19.600000000
38070,11,1,372,1,2025-04-29 23:04:19.603000000
38111,9,1,0,1,2025-04-29 23:04:19.607000000
38111,10,1,0,1,2025-04-29 23:04:19.607000000
38119,10,1,372,1,2025-04-29 23:04:17.453000000
38121,10,1,372,1,2025-04-29 23:04:17.457000000
38123,11,1,372,1,2025-04-29 23:04:17.457000000
38125,10,1,372,1,2025-04-29 23:04:17.460000000
38151,6,1,0,1,2025-04-29 23:04:17.460000000
38153,7,1,0,1,2025-04-29 23:04:17.460000000
38158,9,1,372,1,2025-04-29 23:04:19.093000000
38168,9,1,372,1,2025-04-29 23:04:19.097000000
38168,11,1,372,1,2025-04-29 23:04:19.100000000
38176,11,1,372,1,2025-04-29 23:04:19.103000000
38178,9,1,0,1,2025-04-29 23:04:19.103000000
38201,21,1,0,1,2025-04-29 23:04:19.607000000
38211,11,1,0,1,2025-04-29 23:04:19.107000000
38211,13,1,0,1,2025-04-29 23:04:19.107000000
38213,11,1,0,1,2025-04-29 23:04:19.110000000
38223,19,1,0,1,2025-04-29 23:04:23.300000000
38227,19,1,0,1,2025-04-29 23:04:16.803000000
38229,27,1,0,1,2025-04-29 23:04:23.303000000
38231,19,1,201,1,2025-04-29 23:04:16.807000000
38233,6,1,0,1,2025-04-29 23:04:16.807000000
38238,10,1,0,1,2025-04-29 23:04:15.360000000
38240,26,1,0,1,2025-04-29 23:04:15.363000000
38249,18,1,0,1,2025-04-29 23:04:19.610000000
38249,20,1,0,1,2025-04-29 23:04:19.610000000
38249,21,1,0,1,2025-04-29 23:04:19.613000000
38268,9,1,0,1,2025-04-29 23:04:19.613000000
38268,10,1,0,1,2025-04-29 23:04:19.613000000
38274,10,1,0,1,2025-04-29 23:04:15.367000000
38276,8,1,240,1,2025-04-29 23:04:23.997000000
38276,8,2,226,1,2025-04-29 23:04:24
38276,8,3,330,1,2025-04-29 23:04:24
38278,24,1,176,1,2025-04-29 23:04:24.007000000
38278,35,1,176,2,2025-04-30 17:17:43.463000000
38284,10,1,0,1,2025-04-29 23:04:19.617000000
38284,12,1,0,1,2025-04-29 23:04:19.617000000
38288,10,1,0,1,2025-04-29 23:04:19.617000000
38292,14,1,0,1,2025-04-29 23:04:15.367000000
38294,19,1,333,1,2025-04-29 23:04:15.367000000
38299,22,1,0,1,2025-04-29 23:04:17.463000000
38301,22,1,0,1,2025-04-29 23:04:17.463000000
38303,10,1,0,1,2025-04-29 23:04:19.617000000
38307,12,1,0,1,2025-04-29 23:04:19.620000000
38307,13,1,0,1,2025-04-29 23:04:19.620000000
38310,7,1,0,1,2025-04-29 23:04:17.463000000
38312,4,1,0,1,2025-04-29 23:04:17.467000000
38327,7,1,0,1,2025-04-29 23:04:17.467000000
38329,7,1,0,1,2025-04-29 23:04:17.470000000
38331,24,1,0,1,2025-04-29 23:04:17.470000000
38333,19,1,0,1,2025-04-29 23:04:17.470000000
38335,9,1,333,1,2025-04-29 23:04:17.473000000
38337,10,1,333,1,2025-04-29 23:04:17.473000000
38339,14,1,0,1,2025-04-29 23:04:17.477000000
38341,11,1,0,1,2025-04-29 23:04:17.477000000
38351,8,1,0,1,2025-04-29 23:04:17.480000000
38353,8,1,0,1,2025-04-29 23:04:17.480000000
38367,28,1,0,1,2025-04-29 23:04:23.123000000
38371,12,1,0,1,2025-04-29 23:04:23.423000000
38378,21,1,0,1,2025-04-29 23:04:19.620000000
38378,22,1,0,1,2025-04-29 23:04:19.623000000
38385,40,1,240,1,2025-04-29 23:04:23.313000000
38385,40,2,226,1,2025-04-29 23:04:23.323000000
38385,40,3,330,1,2025-04-29 23:04:23.333000000
38387,7,1,240,1,2025-04-29 23:04:23.207000000
38387,7,2,226,1,2025-04-29 23:04:23.210000000
38387,7,3,330,1,2025-04-29 23:04:23.217000000
38394,9,1,333,1,2025-04-29 23:04:19.623000000
38396,18,1,177,1,2025-04-29 23:04:16.807000000
38396,18,2,263,1,2025-04-29 23:04:16.810000000
38396,18,3,211,1,2025-04-29 23:04:16.810000000
38396,18,4,292,1,2025-04-29 23:04:16.813000000
38396,18,5,298,1,2025-04-29 23:04:16.813000000
38396,18,6,271,1,2025-04-29 23:04:16.817000000
38396,25,1,177,1,2025-04-29 23:04:16.883000000
38396,25,2,263,1,2025-04-29 23:04:16.883000000
38396,25,3,211,1,2025-04-29 23:04:16.887000000
38396,25,4,292,1,2025-04-29 23:04:16.887000000
38396,25,5,298,1,2025-04-29 23:04:16.890000000
38396,25,6,271,1,2025-04-29 23:04:16.890000000
38398,6,1,240,1,2025-04-29 23:04:16.890000000
38398,6,2,226,1,2025-04-29 23:04:16.893000000
38398,6,3,330,1,2025-04-29 23:04:16.897000000
38429,9,1,0,1,2025-04-29 23:04:19.110000000
38433,7,1,0,1,2025-04-29 23:04:19.110000000
38433,9,1,0,1,2025-04-29 23:04:19.110000000
38435,10,1,333,1,2025-04-29 23:04:19.113000000
38441,15,1,0,1,2025-04-29 23:04:19.113000000
38443,7,1,0,1,2025-04-29 23:04:19.117000000
38443,9,1,0,1,2025-04-29 23:04:19.117000000
38443,11,1,0,1,2025-04-29 23:04:19.117000000
38495,7,1,279,1,2025-04-29 23:04:23.333000000
38506,3,1,279,1,2025-04-29 23:04:16.897000000
38528,7,1,240,1,2025-04-29 23:04:19.117000000
38528,7,2,226,1,2025-04-29 23:04:19.120000000
38528,7,3,330,1,2025-04-29 23:04:19.120000000
38549,12,1,0,1,2025-04-29 23:04:24.010000000
38551,14,1,0,1,2025-04-29 23:04:24.010000000
38566,6,1,0,1,2025-04-29 23:04:15.370000000
38568,7,1,112,1,2025-04-29 23:04:15.377000000
38571,8,1,281,1,2025-04-29 23:04:22.977000000
38576,8,1,372,1,2025-04-29 23:04:15.377000000
38582,7,1,0,1,2025-04-29 23:04:19.627000000
38582,9,1,0,1,2025-04-29 23:04:19.627000000
38584,10,1,0,1,2025-04-29 23:04:19.627000000
38586,7,1,372,1,2025-04-29 23:04:19.630000000
38586,8,1,372,1,2025-04-29 23:04:19.630000000
38613,11,1,176,1,2025-04-29 23:04:17.480000000
38615,11,1,176,1,2025-04-29 23:04:17.483000000
38617,31,1,190,1,2025-04-29 23:04:23.340000000
38617,31,2,223,1,2025-04-29 23:04:23.340000000
38617,31,3,222,1,2025-04-29 23:04:23.347000000
38623,15,1,0,1,2025-04-29 23:04:23.240000000
38629,3,1,112,1,2025-04-29 23:04:17.483000000
38643,5,1,0,1,2025-04-29 23:04:17.487000000
38645,5,1,0,1,2025-04-29 23:04:17.487000000
38647,9,1,372,1,2025-04-29 23:04:17.490000000
38649,10,1,372,1,2025-04-29 23:04:17.490000000
38657,15,1,0,1,2025-04-29 23:04:17.493000000
38657,17,1,0,1,2025-04-29 23:04:17.493000000
38659,11,1,0,1,2025-04-29 23:04:17.493000000
38659,13,1,0,1,2025-04-29 23:04:17.493000000
38662,14,1,0,1,2025-04-29 23:04:19.633000000
38664,26,1,222,1,2025-04-29 23:04:16.900000000
38664,26,2,190,1,2025-04-29 23:04:16.900000000
38664,26,3,223,1,2025-04-29 23:04:16.900000000
38667,3,1,176,1,2025-04-29 23:04:22.980000000
38671,4,1,112,1,2025-04-29 23:04:17.493000000
38678,7,1,0,1,2025-04-29 23:04:19.123000000
38680,5,1,112,1,2025-04-29 23:04:19.123000000
38680,7,1,112,1,2025-04-29 23:04:19.123000000
38682,10,1,152,1,2025-04-29 23:04:19.127000000
38682,10,2,268,1,2025-04-29 23:04:19.127000000
38684,6,1,372,1,2025-04-29 23:04:19.130000000
38684,8,1,372,1,2025-04-29 23:04:19.130000000
38686,14,1,98,1,2025-04-29 23:04:19.130000000
38686,14,2,251,1,2025-04-29 23:04:19.133000000
38686,14,3,222,1,2025-04-29 23:04:19.137000000
38694,10,1,0,1,2025-04-29 23:04:19.633000000
38700,4,1,0,1,2025-04-29 23:04:17.497000000
38705,7,1,0,1,2025-04-29 23:04:17.497000000
38707,8,1,0,1,2025-04-29 23:04:17.497000000
38709,4,1,0,1,2025-04-29 23:04:17.500000000
38712,7,1,0,1,2025-04-29 23:04:23.353000000
38712,16,1,0,1,2025-04-29 23:04:23.367000000
38712,18,1,0,1,2025-04-29 23:04:23.373000000
38720,6,1,263,1,2025-04-29 23:04:16.903000000
38726,7,1,0,1,2025-04-29 23:04:16.903000000
38726,14,1,0,1,2025-04-29 23:04:16.910000000
38726,15,1,0,1,2025-04-29 23:04:16.913000000
38726,17,1,0,1,2025-04-29 23:04:16.917000000
38737,13,1,0,1,2025-04-29 23:04:24.013000000
38743,15,1,0,1,2025-04-29 23:04:24.013000000
38745,15,1,217,6,2024-08-05 20:49:23.673000000
38745,17,1,217,1,2025-04-29 23:04:24.017000000
38747,9,1,0,1,2025-04-29 23:04:24.017000000
38755,6,1,281,1,2025-04-29 23:04:24.020000000
38765,20,1,11,1,2025-04-29 23:04:24.020000000
38765,20,2,15,1,2025-04-29 23:04:24.023000000
38765,20,3,176,1,2025-04-29 23:04:24.023000000
38769,14,1,176,1,2025-04-29 23:04:24.023000000
38771,15,1,176,1,2025-04-29 23:04:19.633000000
38771,17,1,176,2,2025-05-02 14:47:22.563000000
38773,23,1,11,1,2025-04-29 23:04:19.637000000
38773,23,2,15,1,2025-04-29 23:04:19.640000000
38773,23,3,176,1,2025-04-29 23:04:19.640000000
38773,24,1,11,1,2025-04-29 23:04:19.637000000
38773,24,2,15,1,2025-04-29 23:04:19.640000000
38773,24,3,176,1,2025-04-29 23:04:19.640000000
38775,10,1,0,1,2025-04-29 23:04:24.027000000
38777,7,1,281,1,2025-04-29 23:04:19.640000000
38779,4,1,372,1,2025-04-29 23:04:15.383000000
38786,4,1,0,1,2025-04-29 23:04:24.027000000
38787,7,1,0,1,2025-04-29 23:04:18.863000000
38792,6,1,0,1,2025-04-29 23:04:24.030000000
38801,15,1,11,1,2025-04-29 23:04:17.500000000
38801,15,2,15,1,2025-04-29 23:04:17.500000000
38801,15,3,176,1,2025-04-29 23:04:17.503000000
38803,12,1,11,1,2025-04-29 23:04:17.503000000
38803,12,2,15,1,2025-04-29 23:04:17.507000000
38803,12,3,176,1,2025-04-29 23:04:17.507000000
38805,7,1,81,1,2025-04-29 23:04:16.917000000
38805,7,2,281,1,2025-04-29 23:04:16.920000000
38807,7,1,281,1,2025-04-29 23:04:23.373000000
38807,7,2,81,1,2025-04-29 23:04:23.380000000
38809,6,1,0,1,2025-04-29 23:04:23.383000000
38812,7,1,81,1,2025-04-29 23:04:23.420000000
38814,3,1,372,1,2025-04-29 23:04:17.507000000
38816,3,1,372,1,2025-04-29 23:04:17.510000000
38822,7,1,372,1,2025-04-29 23:04:19.643000000
38824,9,1,281,1,2025-04-29 23:04:17.510000000
38826,7,1,281,1,2025-04-29 23:04:17.513000000
38835,6,1,372,1,2025-04-29 23:04:19.137000000
38837,5,1,281,1,2025-04-29 23:04:19.140000000
38837,7,1,281,1,2025-04-29 23:04:19.140000000
38839,9,1,0,1,2025-04-29 23:04:19.140000000
38841,7,1,11,2,2021-02-24 17:00:08.553000000
38841,7,2,176,2,2021-02-24 17:00:08.557000000
38841,7,3,15,1,2021-02-24 17:00:08.557000000
38841,14,1,11,1,2025-04-29 23:04:19.143000000
38841,14,2,15,1,2025-04-29 23:04:19.143000000
38841,14,3,176,1,2025-04-29 23:04:19.143000000
38841,16,1,11,1,2025-04-29 23:04:19.143000000
38841,16,2,15,1,2025-04-29 23:04:19.143000000
38841,16,3,176,1,2025-04-29 23:04:19.143000000
38902,11,1,131,1,2025-04-29 23:04:17.513000000
38902,11,2,232,1,2025-04-29 23:04:17.517000000
38902,11,3,217,1,2025-04-29 23:04:17.517000000
38902,11,4,47,1,2025-04-29 23:04:17.520000000
38902,11,5,139,1,2025-04-29 23:04:17.520000000
38902,11,6,315,1,2025-04-29 23:04:17.520000000
38904,10,1,131,1,2025-04-29 23:04:17.523000000
38904,10,2,232,1,2025-04-29 23:04:17.523000000
38904,10,3,217,1,2025-04-29 23:04:17.527000000
38904,10,4,47,1,2025-04-29 23:04:17.527000000
38904,10,5,139,1,2025-04-29 23:04:17.530000000
38904,10,6,315,1,2025-04-29 23:04:17.530000000
38914,20,1,64,1,2025-04-29 23:04:16.920000000
38914,20,2,69,1,2025-04-29 23:04:16.920000000
38914,20,3,129,1,2025-04-29 23:04:16.923000000
38916,8,1,0,1,2025-04-29 23:04:23.420000000
38918,8,1,0,1,2025-04-29 23:04:16.923000000
38920,11,1,0,1,2025-04-29 23:04:19.647000000
38926,23,1,60,1,2025-04-29 23:04:16.927000000
38926,23,2,213,1,2025-04-29 23:04:16.927000000
38926,23,3,9,1,2025-04-29 23:04:16.930000000
38926,23,4,239,1,2025-04-29 23:04:16.930000000
38937,6,1,217,1,2025-04-29 23:04:23.580000000
38953,16,1,0,1,2025-04-29 23:04:18.297000000
38955,24,1,0,1,2025-04-29 23:04:18.297000000
38966,5,1,372,1,2025-04-29 23:04:15.387000000
38968,4,1,101,1,2025-04-29 23:04:23.730000000
38968,4,2,372,1,2025-04-29 23:04:23.730000000
38970,8,1,0,1,2025-04-29 23:04:24.030000000
38972,8,1,372,1,2025-04-29 23:04:17.530000000
38974,8,1,372,1,2025-04-29 23:04:17.533000000
38985,13,1,0,1,2025-04-29 23:04:15.390000000
38988,11,1,53,1,2025-04-29 23:04:15.393000000
38988,11,2,352,1,2025-04-29 23:04:15.393000000
38988,11,3,361,1,2025-04-29 23:04:15.397000000
38988,11,4,365,1,2025-04-29 23:04:15.400000000
38988,11,5,369,1,2025-04-29 23:04:15.400000000
38988,11,6,335,1,2025-04-29 23:04:15.403000000
38988,15,1,53,1,2025-04-29 23:04:15.417000000
38988,15,2,352,1,2025-04-29 23:04:15.420000000
38988,15,3,361,1,2025-04-29 23:04:15.420000000
38988,15,4,365,1,2025-04-29 23:04:15.423000000
38988,15,5,369,1,2025-04-29 23:04:15.423000000
38988,15,6,335,1,2025-04-29 23:04:15.427000000
38992,14,1,0,1,2025-04-29 23:04:19.647000000
38994,14,1,0,1,2025-04-29 23:04:24.033000000
38997,8,1,0,1,2025-04-29 23:04:19.650000000
38997,9,1,0,1,2025-04-29 23:04:19.650000000
39001,8,1,53,1,2025-04-29 23:04:17.533000000
39001,8,2,352,1,2025-04-29 23:04:17.537000000
39001,8,3,361,1,2025-04-29 23:04:17.537000000
39001,8,4,365,1,2025-04-29 23:04:17.540000000
39001,8,5,369,1,2025-04-29 23:04:17.540000000
39001,8,6,335,1,2025-04-29 23:04:17.543000000
39001,11,1,53,1,2025-04-29 23:04:17.553000000
39001,11,2,352,1,2025-04-29 23:04:17.557000000
39001,11,3,361,1,2025-04-29 23:04:17.557000000
39001,11,4,365,1,2025-04-29 23:04:17.560000000
39001,11,5,369,1,2025-04-29 23:04:17.560000000
39001,11,6,335,1,2025-04-29 23:04:17.560000000
39003,8,1,53,1,2025-04-29 23:04:17.563000000
39003,8,2,352,1,2025-04-29 23:04:17.563000000
39003,8,3,361,1,2025-04-29 23:04:17.567000000
39003,8,4,365,1,2025-04-29 23:04:17.567000000
39003,8,5,369,1,2025-04-29 23:04:17.570000000
39003,8,6,335,1,2025-04-29 23:04:17.570000000
39003,10,1,53,1,2025-04-29 23:04:17.583000000
39003,10,2,352,1,2025-04-29 23:04:17.583000000
39003,10,3,361,1,2025-04-29 23:04:17.587000000
39003,10,4,365,1,2025-04-29 23:04:17.587000000
39003,10,5,369,1,2025-04-29 23:04:17.590000000
39003,10,6,335,1,2025-04-29 23:04:17.590000000
39005,6,1,0,1,2025-04-29 23:04:17.593000000
39007,7,1,0,1,2025-04-29 23:04:17.593000000
39015,12,1,0,1,2025-04-29 23:04:19.650000000
39017,8,1,372,1,2025-04-29 23:04:19.653000000
39017,9,2,372,1,2025-04-29 23:04:19.653000000
39023,22,1,217,1,2025-04-29 23:04:19.657000000
39023,23,1,217,1,2025-04-29 23:04:19.660000000
39025,5,1,0,1,2025-04-29 23:04:24.037000000
39027,5,1,0,1,2025-04-29 23:04:23.600000000
39036,15,1,0,1,2025-04-29 23:04:23.050000000
39038,9,1,53,1,2025-04-29 23:04:19.660000000
39038,9,2,352,1,2025-04-29 23:04:19.660000000
39038,9,3,361,1,2025-04-29 23:04:19.663000000
39038,9,4,365,1,2025-04-29 23:04:19.667000000
39038,9,5,369,1,2025-04-29 23:04:19.667000000
39038,9,6,335,1,2025-04-29 23:04:19.670000000
39038,11,1,53,1,2025-04-29 23:04:19.683000000
39038,11,2,352,1,2025-04-29 23:04:19.683000000
39038,11,3,361,1,2025-04-29 23:04:19.687000000
39038,11,4,365,1,2025-04-29 23:04:19.690000000
39038,11,5,369,1,2025-04-29 23:04:19.690000000
39038,11,6,335,1,2025-04-29 23:04:19.693000000
39040,6,1,372,1,2025-04-29 23:04:19.147000000
39042,5,1,0,1,2025-04-29 23:04:19.150000000
39042,7,1,0,1,2025-04-29 23:04:19.150000000
39044,9,1,53,1,2025-04-29 23:04:19.150000000
39044,9,2,352,1,2025-04-29 23:04:19.150000000
39044,9,3,361,1,2025-04-29 23:04:19.153000000
39044,9,4,365,1,2025-04-29 23:04:19.157000000
39044,9,5,369,1,2025-04-29 23:04:19.157000000
39044,9,6,335,1,2025-04-29 23:04:19.160000000
39044,11,1,53,1,2025-04-29 23:04:19.173000000
39044,11,2,352,1,2025-04-29 23:04:19.173000000
39044,11,3,361,1,2025-04-29 23:04:19.177000000
39044,11,4,365,1,2025-04-29 23:04:19.180000000
39044,11,5,369,1,2025-04-29 23:04:19.180000000
39044,11,6,335,1,2025-04-29 23:04:19.183000000
39044,13,1,53,1,2025-04-29 23:04:19.173000000
39044,13,2,352,1,2025-04-29 23:04:19.173000000
39044,13,3,361,1,2025-04-29 23:04:19.177000000
39044,13,4,365,1,2025-04-29 23:04:19.180000000
39044,13,5,369,1,2025-04-29 23:04:19.180000000
39044,13,6,335,1,2025-04-29 23:04:19.183000000
39051,7,1,64,1,2021-08-31 13:40:57.013000000
39051,7,2,338,1,2021-08-31 13:40:57.017000000
39051,7,3,129,1,2021-08-31 13:40:57.017000000
39051,10,1,64,1,2025-04-29 23:04:19.183000000
39051,10,2,14,1,2025-04-29 23:04:19.187000000
39051,10,3,129,1,2025-04-29 23:04:19.187000000
39051,10,4,338,1,2025-04-29 23:04:19.190000000
39054,11,1,0,1,2025-04-29 23:04:19.190000000
39058,14,1,217,1,2025-04-29 23:04:17.593000000
39058,16,1,217,1,2025-04-29 23:04:17.597000000
39060,13,1,217,1,2025-04-29 23:04:17.600000000
39060,15,1,217,1,2025-04-29 23:04:17.603000000
39063,11,1,333,1,2025-04-29 23:04:23.420000000
39063,11,2,372,1,2025-04-29 23:04:23.423000000
39068,13,1,217,1,2025-04-29 23:04:23.423000000
39068,19,1,217,1,2025-04-29 23:04:23.437000000
39071,9,1,217,1,2025-04-29 23:04:16.930000000
39071,14,1,217,1,2025-04-29 23:04:16.940000000
39073,4,1,333,1,2025-04-29 23:04:16.940000000
39073,4,2,372,1,2025-04-29 23:04:16.943000000
39075,14,1,176,1,2025-04-29 23:04:23.427000000
39080,4,1,110,1,2025-04-29 23:04:24.037000000
39080,4,2,238,1,2025-04-29 23:04:24.037000000
39082,6,1,0,1,2025-04-29 23:04:23.440000000
39084,5,1,0,1,2025-04-29 23:04:16.943000000
39086,10,1,0,1,2025-04-29 23:04:24.040000000
39116,5,1,0,1,2025-04-29 23:04:17.603000000
39118,5,1,0,1,2025-04-29 23:04:17.607000000
39121,9,1,263,1,2025-04-29 23:04:24.043000000
39122,3,1,281,1,2025-04-29 23:04:22.957000000
39128,7,1,366,2,2024-08-05 20:29:39.237000000
39128,10,2,366,1,2025-04-29 23:04:24.047000000
39139,4,1,0,1,2025-04-29 23:04:22.817000000
39189,7,1,0,1,2025-04-29 23:04:23.373000000
39226,7,1,198,1,2025-04-29 23:04:23.423000000
39230,4,1,372,1,2025-04-29 23:04:17.607000000
39230,6,1,372,1,2025-04-29 23:04:17.610000000
39232,3,1,372,1,2025-04-29 23:04:17.613000000
39232,5,1,372,1,2025-04-29 23:04:17.617000000
39237,7,1,322,1,2024-08-05 19:04:47.903000000
39237,10,1,322,1,2025-04-29 23:04:24.050000000
39240,7,1,0,1,2025-04-29 23:04:17.620000000
39242,7,1,0,1,2025-04-29 23:04:17.620000000
39256,5,1,0,1,2025-04-29 23:04:15.440000000
39256,7,1,0,1,2025-04-29 23:04:15.443000000
39258,8,1,171,1,2024-08-01 20:16:44.477000000
39258,10,1,171,1,2024-08-01 20:16:44.477000000
39258,12,1,171,1,2025-04-29 23:04:24.053000000
39260,5,1,0,1,2025-04-29 23:04:24.053000000
39262,5,1,0,1,2025-04-29 23:04:17.620000000
39262,7,1,0,1,2025-04-29 23:04:17.623000000
39264,5,1,0,1,2025-04-29 23:04:17.623000000
39264,7,1,0,1,2025-04-29 23:04:17.627000000
39266,3,1,0,1,2025-04-29 23:04:24.057000000
39268,7,1,256,1,2025-04-29 23:04:24.057000000
39270,4,1,366,2,2024-08-05 17:32:26.070000000
39270,4,2,1,3,2024-08-05 17:33:03.593000000
39270,8,1,366,1,2025-04-29 23:04:24.057000000
39270,8,2,1,1,2025-04-29 23:04:24.060000000
39276,5,1,0,1,2025-04-29 23:04:19.693000000
39276,6,1,0,1,2025-04-29 23:04:19.697000000
39276,7,1,0,1,2025-04-29 23:04:19.697000000
39276,8,1,0,1,2025-04-29 23:04:19.697000000
39284,11,1,152,1,2025-04-29 23:04:19.700000000
39284,11,2,268,1,2025-04-29 23:04:19.700000000
39297,3,1,0,1,2025-04-29 23:04:23.530000000
39314,7,1,158,1,2025-04-29 23:04:23.490000000
39345,3,1,0,1,2025-04-29 23:04:15.443000000
39356,3,1,0,1,2025-04-29 23:04:19.197000000
39356,5,1,0,1,2025-04-29 23:04:19.197000000
39365,80,1,281,7,2023-05-03 19:46:56.003000000
39365,80,2,372,2,2023-05-03 19:47:10.943000000
39365,80,3,198,1,2023-05-03 19:47:22.987000000
39365,131,1,198,1,2025-04-29 23:04:23.443000000
39365,131,2,281,1,2025-04-29 23:04:23.447000000
39365,131,3,372,1,2025-04-29 23:04:23.450000000
39365,149,1,281,7,2024-12-11 19:24:34.440000000
39365,149,2,198,1,2024-12-11 19:24:47.607000000
39365,149,3,372,2,2024-12-11 19:24:59.743000000
39367,16,1,281,7,2023-05-03 19:46:56.003000000
39367,16,2,372,2,2023-05-03 19:47:10.943000000
39367,16,3,198,1,2023-05-03 19:47:22.987000000
39367,28,1,198,1,2025-04-29 23:04:16.947000000
39367,28,2,281,1,2025-04-29 23:04:16.947000000
39367,28,3,372,1,2025-04-29 23:04:16.950000000
39367,41,1,281,7,2024-12-11 19:24:34.440000000
39367,41,2,198,1,2024-12-11 19:24:47.607000000
39367,41,3,372,2,2024-12-11 19:24:59.743000000
39373,3,1,0,1,2025-04-29 23:04:17.627000000
39375,3,1,0,1,2025-04-29 23:04:17.630000000
39383,10,1,0,1,2025-04-29 23:04:19.700000000
39383,11,1,0,1,2025-04-29 23:04:19.703000000
39385,6,1,0,1,2025-04-29 23:04:24.060000000
39387,8,1,0,1,2025-04-29 23:04:24.063000000
39389,4,1,0,1,2025-04-29 23:04:19.703000000
39391,6,1,0,1,2025-04-29 23:04:24.063000000
39396,3,1,366,1,2025-04-29 23:04:17.630000000
39396,3,2,1,1,2025-04-29 23:04:17.633000000
39398,3,1,366,1,2025-04-29 23:04:17.633000000
39398,3,2,1,1,2025-04-29 23:04:17.637000000
39400,8,1,0,1,2025-04-29 23:04:24.067000000
39402,14,1,0,1,2025-04-29 23:04:24.067000000
39420,4,1,177,1,2025-04-29 23:04:24.067000000
39424,6,1,0,1,2025-04-29 23:04:15.447000000
39427,5,1,0,1,2025-04-29 23:04:19.707000000
39434,5,1,366,1,2025-04-29 23:04:19.707000000
39434,5,2,1,1,2025-04-29 23:04:19.710000000
39434,6,1,366,1,2025-04-29 23:04:19.710000000
39434,6,2,1,1,2025-04-29 23:04:19.710000000
39455,6,1,0,1,2025-04-29 23:04:23.603000000
39462,4,1,0,1,2025-04-29 23:04:17.637000000
39464,4,1,0,1,2025-04-29 23:04:17.640000000
39467,6,1,372,1,2025-04-29 23:04:17.640000000
39469,6,1,372,1,2025-04-29 23:04:17.643000000
39475,7,1,0,1,2025-04-29 23:04:19.200000000
39477,7,1,366,1,2025-04-29 23:04:19.200000000
39477,7,2,1,1,2025-04-29 23:04:19.200000000
39479,3,1,0,1,2025-04-29 23:04:19.203000000
39479,5,1,0,1,2025-04-30 19:10:48.440000000
39481,5,1,0,1,2025-04-29 23:04:19.207000000
39490,7,1,179,1,2025-04-29 23:04:23.567000000
39492,7,1,179,1,2025-04-29 23:04:17
39506,3,1,64,1,2025-04-29 23:04:19.713000000
39506,3,2,14,1,2025-04-29 23:04:19.713000000
39506,3,3,129,1,2025-04-29 23:04:19.717000000
39506,3,4,338,1,2025-04-29 23:04:19.717000000
39513,3,1,1,1,2025-04-29 23:04:22.813000000
39513,3,2,366,1,2025-04-29 23:04:22.817000000
39521,7,1,211,1,2025-04-29 23:04:19.720000000
39521,7,2,323,1,2025-04-29 23:04:19.720000000
39521,7,3,356,1,2025-04-29 23:04:19.723000000
39521,7,4,331,1,2025-04-29 23:04:19.723000000
39521,7,5,298,1,2025-04-29 23:04:19.727000000
39521,7,6,294,1,2025-04-29 23:04:19.730000000
39521,7,7,331,1,2025-04-29 23:04:19.730000000
39521,7,8,323,1,2025-04-29 23:04:19.733000000
39529,3,1,0,1,2025-04-29 23:04:19.207000000
39529,5,1,0,1,2025-04-30 19:11:59.073000000
39543,5,1,249,1,2025-04-29 23:04:24.070000000
39553,14,1,0,1,2025-04-29 23:04:24.077000000
39553,21,1,0,1,2025-04-29 23:04:24.077000000
39573,3,1,147,1,2025-04-29 23:04:24.080000000
39575,4,1,366,1,2025-04-29 23:04:19.733000000
39575,4,2,217,1,2025-04-29 23:04:19.737000000
39583,3,1,0,1,2025-04-29 23:04:15.447000000
39585,3,1,0,1,2025-04-29 23:04:19.737000000
39585,4,1,0,1,2025-04-29 23:04:19.737000000
39589,3,1,0,1,2025-04-29 23:04:17.643000000
39591,11,1,0,1,2025-04-29 23:04:18.300000000
39594,3,1,0,1,2025-04-29 23:04:17.647000000
39611,4,1,29,1,2025-04-29 23:04:23.753000000
39611,4,2,28,1,2025-04-29 23:04:23.753000000
39614,3,1,0,1,2025-04-29 23:04:19.210000000
39616,4,1,0,1,2025-04-29 23:04:19.740000000
39624,3,1,0,1,2025-04-29 23:04:19.210000000
39636,4,1,0,1,2025-04-29 23:04:15.450000000
39642,6,1,0,1,2025-04-29 23:04:17.647000000
39644,6,1,0,1,2025-04-29 23:04:17.647000000
39646,5,1,0,1,2025-04-29 23:04:15.450000000
39646,7,1,0,1,2025-04-29 23:04:15.450000000
39647,3,1,0,1,2025-04-29 23:04:18.903000000
39648,4,1,0,1,2025-04-29 23:04:19.740000000
39650,4,1,0,1,2025-04-29 23:04:19.740000000
39650,5,1,0,1,2025-04-29 23:04:19.743000000
39650,6,1,0,1,2025-04-29 23:04:19.743000000
39654,3,1,0,1,2025-04-29 23:04:15.453000000
39656,9,1,373,1,2025-04-29 23:04:19.743000000
39657,4,1,0,1,2025-04-29 23:04:18.933000000
39658,3,1,0,1,2025-04-29 23:04:19.747000000
39658,4,1,0,1,2025-04-29 23:04:19.747000000
39662,5,1,373,1,2025-04-29 23:04:23.750000000
39667,9,1,198,1,2025-04-29 23:04:22.207000000
39667,9,2,281,1,2025-04-29 23:04:22.237000000
39667,9,3,372,1,2025-04-29 23:04:22.267000000
39668,8,1,372,1,2025-04-29 23:04:16.570000000
39668,8,2,198,1,2025-04-29 23:04:16.587000000
39668,8,3,281,1,2025-04-29 23:04:16.600000000
39671,5,1,373,1,2025-04-29 23:04:24.080000000
39677,3,1,0,1,2025-04-29 23:04:19.733000000
39678,4,1,0,1,2025-04-29 23:04:17.650000000
39679,3,1,0,1,2025-04-29 23:04:19.750000000
39680,4,1,0,1,2025-04-29 23:04:17.650000000
39682,5,1,0,1,2025-04-29 23:04:17.650000000
39682,7,1,0,1,2025-04-29 23:04:17.653000000
39684,4,1,0,1,2025-04-29 23:04:17.653000000
39684,6,1,0,1,2025-04-29 23:04:17.657000000
39685,5,1,0,1,2025-04-29 23:04:19.790000000
39686,3,1,0,1,2025-04-29 23:04:17.657000000
39687,5,1,0,1,2025-04-29 23:04:19.800000000
39688,3,1,0,1,2025-04-29 23:04:17.660000000
39708,2,1,0,1,2025-04-29 23:04:18.707000000
39709,3,1,0,1,2025-04-29 23:04:19.213000000
39710,2,1,0,1,2025-04-29 23:04:18.713000000
39711,3,1,0,1,2025-04-29 23:04:19.213000000
39713,5,1,373,1,2025-04-29 23:04:19.217000000
39720,3,1,0,1,2025-04-29 23:04:19.217000000
39720,5,1,0,1,2025-04-29 23:04:19.220000000
39726,3,1,0,1,2025-04-29 23:04:23.270000000
39741,7,1,0,1,2025-04-29 23:04:19.747000000
39741,8,1,0,1,2025-04-29 23:04:19.747000000
39755,35,1,12,1,2025-04-29 23:04:18.953000000
39755,35,2,217,1,2025-04-29 23:04:18.967000000
39755,35,3,47,1,2025-04-29 23:04:18.980000000
39755,35,4,139,1,2025-04-29 23:04:19.007000000
39756,7,1,217,1,2025-04-29 23:04:19.750000000
39756,7,2,47,1,2025-04-29 23:04:19.750000000
39756,7,3,139,1,2025-04-29 23:04:19.753000000
39758,8,1,0,1,2025-04-29 23:04:17.660000000
39758,13,1,0,1,2025-04-29 23:04:17.663000000
39759,11,1,217,1,2025-04-29 23:04:19.823000000
39759,11,2,47,1,2025-04-29 23:04:19.837000000
39759,11,3,139,1,2025-04-29 23:04:19.847000000
39760,7,1,217,1,2025-04-29 23:04:17.667000000
39760,7,2,47,1,2025-04-29 23:04:17.670000000
39760,7,3,139,1,2025-04-29 23:04:17.670000000
39760,7,4,12,4,2025-04-30 23:07:08.480000000
39762,5,1,0,1,2025-04-29 23:04:17.670000000
39762,8,1,0,1,2025-04-29 23:04:17.673000000
39763,8,1,217,1,2025-04-29 23:04:19.880000000
39763,8,2,47,1,2025-04-29 23:04:19.893000000
39763,8,3,139,1,2025-04-29 23:04:19.907000000
39764,8,1,217,1,2025-04-29 23:04:17.677000000
39764,8,2,47,1,2025-04-29 23:04:17.677000000
39764,8,3,139,1,2025-04-29 23:04:17.680000000
39764,8,4,12,4,2025-04-30 23:07:42.217000000
39770,4,1,0,1,2025-04-29 23:04:22.930000000
39773,7,1,0,1,2025-04-29 23:04:24.080000000
39777,11,1,0,1,2025-04-29 23:04:18.103000000
39780,3,1,16,1,2025-04-29 23:04:24.083000000
39788,7,1,0,1,2025-04-29 23:04:19.220000000
39788,9,1,0,1,2025-04-30 19:12:50.040000000
39793,46,1,0,1,2025-04-29 23:04:23.567000000
39793,47,1,0,1,2025-04-29 23:04:23.573000000
39796,5,1,0,1,2025-04-29 23:04:23.097000000
39797,11,1,0,1,2025-04-29 23:04:24.083000000
39797,13,1,0,1,2025-04-29 23:04:24.083000000
39799,15,1,0,1,2025-04-29 23:04:17.003000000
39799,16,1,0,1,2025-04-29 23:04:17.003000000
39800,7,1,263,1,2025-04-29 23:04:23.737000000
39801,4,1,0,1,2025-04-29 23:04:19.020000000
39802,3,1,0,1,2025-04-29 23:04:19.753000000
39802,5,1,0,1,2025-04-29 23:04:19.757000000
39802,8,1,0,1,2025-04-29 23:04:19.757000000
39805,16,1,12,1,2025-04-29 23:04:23.117000000
39805,16,2,217,1,2025-04-29 23:04:23.127000000
39805,16,3,47,1,2025-04-29 23:04:23.140000000
39805,16,4,139,1,2025-04-29 23:04:23.163000000
39806,7,1,12,1,2025-04-29 23:04:24.087000000
39806,7,2,217,1,2025-04-29 23:04:24.087000000
39806,7,3,47,1,2025-04-29 23:04:24.090000000
39806,7,4,139,1,2025-04-29 23:04:24.090000000
39809,4,1,0,1,2025-04-29 23:04:19.917000000
39810,5,1,0,1,2025-04-29 23:04:17.680000000
39810,8,1,0,1,2025-04-29 23:04:17.683000000
39811,4,1,0,1,2025-04-29 23:04:19.927000000
39812,5,1,0,1,2025-04-29 23:04:17.687000000
39812,8,1,0,1,2025-04-29 23:04:17.690000000
39820,11,1,9,1,2025-04-29 23:04:18.783000000
39820,11,2,60,1,2025-04-29 23:04:18.800000000
39820,11,3,18,1,2025-04-29 23:04:18.810000000
39823,11,1,217,1,2025-04-29 23:04:22.060000000
39823,11,2,47,1,2025-04-29 23:04:22.090000000
39823,11,3,139,1,2025-04-29 23:04:22.120000000
39826,5,1,9,1,2025-04-29 23:04:23.377000000
39826,5,2,60,1,2025-04-29 23:04:23.387000000
39826,5,3,18,1,2025-04-29 23:04:23.400000000
39827,4,1,12,1,2025-04-29 23:04:23.610000000
39828,6,1,217,1,2025-04-29 23:04:23.650000000
39828,6,2,47,1,2025-04-29 23:04:23.653000000
39828,6,3,139,1,2025-04-29 23:04:23.653000000
39828,6,4,12,1,2025-04-29 23:04:23.657000000
39831,13,1,0,1,2025-04-29 23:04:22.837000000
39835,10,1,0,1,2025-04-29 23:04:23.180000000
39839,9,1,176,1,2025-04-29 23:04:19.043000000
39840,13,1,176,1,2025-04-29 23:04:19.757000000
39840,14,1,176,1,2025-04-29 23:04:19.760000000
39843,4,1,0,1,2025-04-29 23:04:22.923000000
39844,5,1,0,1,2025-04-29 23:04:19.417000000
39845,5,1,0,1,2025-04-29 23:04:19.433000000
39848,4,1,0,1,2025-04-29 23:04:23.190000000
39849,3,1,0,1,2025-04-29 23:04:24.090000000
39850,13,1,0,1,2025-04-29 23:04:23.200000000
39851,10,1,176,2,2024-09-04 20:29:24.873000000
39851,13,1,176,2,2024-09-04 20:29:24.873000000
39851,15,1,176,1,2025-04-29 23:04:24.093000000
39852,3,1,0,1,2025-04-29 23:04:23.213000000
39853,3,1,16,1,2025-04-29 23:04:24.093000000
39856,3,1,0,1,2025-04-29 23:04:19.053000000
39858,4,1,0,1,2025-04-29 23:04:19.270000000
39859,4,1,0,1,2025-04-29 23:04:19.273000000
39862,6,1,176,1,2025-04-29 23:04:22.820000000
39863,6,1,176,1,2025-04-29 23:04:22.830000000
39863,9,1,176,1,2025-04-29 23:04:22.833000000
39864,2,1,12,1,2025-04-29 23:04:18.753000000
39864,2,2,217,1,2025-04-29 23:04:18.767000000
39864,2,3,47,1,2025-04-29 23:04:18.780000000
39864,2,4,139,1,2025-04-29 23:04:18.793000000
39865,3,1,217,6,2024-11-06 21:42:19.767000000
39865,3,2,139,1,2024-11-06 21:42:19.773000000
39865,3,3,47,1,2024-11-06 21:42:19.780000000
39865,3,4,12,4,2024-11-07 15:16:35.927000000
39865,4,1,12,1,2025-04-29 23:04:19.223000000
39865,4,2,217,1,2025-04-29 23:04:19.223000000
39865,4,3,47,1,2025-04-29 23:04:19.227000000
39865,4,4,139,1,2025-04-29 23:04:19.230000000
39870,4,1,217,1,2025-04-29 23:04:16.500000000
39870,4,2,47,1,2025-04-29 23:04:16.517000000
39870,4,3,139,1,2025-04-29 23:04:16.530000000
39873,7,1,0,1,2025-04-29 23:04:23.363000000
39876,31,1,366,1,2025-04-29 23:04:16.627000000
39877,4,1,366,1,2025-04-29 23:04:17.007000000
39878,15,1,366,1,2025-04-29 23:04:22.323000000
39879,10,1,366,1,2025-04-29 23:04:23.577000000
39880,11,1,176,1,2025-04-29 23:04:19.943000000
39881,5,1,176,1,2025-04-29 23:04:17.690000000
39881,8,1,176,1,2025-04-29 23:04:17.693000000
39882,8,1,176,1,2025-04-29 23:04:19.963000000
39883,5,1,176,1,2025-04-29 23:04:17.697000000
39883,8,1,176,1,2025-04-29 23:04:17.700000000
39903,8,1,279,1,2025-04-29 23:04:23.280000000
39903,8,2,177,1,2025-04-29 23:04:23.300000000
39903,8,3,263,1,2025-04-29 23:04:23.320000000
39904,2,1,60,1,2025-04-29 23:04:18.807000000
39904,2,2,9,1,2025-04-29 23:04:18.820000000
39904,2,3,239,1,2025-04-29 23:04:18.833000000
39905,3,1,60,1,2025-04-29 23:04:19.230000000
39905,3,2,9,1,2025-04-29 23:04:19.230000000
39905,3,3,239,1,2025-04-29 23:04:19.233000000
39905,3,4,213,1,2025-04-29 23:04:19.233000000
39906,2,1,0,1,2025-04-29 23:04:18.850000000
39907,3,1,9,1,2025-04-29 23:04:19.237000000
39907,3,2,239,1,2025-04-29 23:04:19.237000000
39908,2,1,0,1,2025-04-29 23:04:18.860000000
39910,2,1,0,1,2025-04-29 23:04:18.873000000
39911,5,1,0,1,2025-04-29 23:04:19.240000000
39911,7,1,0,1,2025-04-29 23:04:19.240000000
39912,3,1,0,1,2025-04-29 23:04:18.887000000
39913,5,1,0,1,2025-04-29 23:04:19.243000000
39913,7,1,0,1,2025-04-29 23:04:19.247000000
39914,3,1,64,1,2025-04-29 23:04:18.657000000
39914,3,2,14,1,2025-04-29 23:04:18.667000000
39914,3,3,129,1,2025-04-29 23:04:18.677000000
39914,3,4,338,1,2025-04-29 23:04:18.687000000
39915,5,1,0,1,2025-04-29 23:04:23.040000000
39918,3,1,0,1,2025-04-29 23:04:16.357000000
39920,4,1,226,1,2025-04-29 23:04:19.387000000
39920,4,2,330,1,2025-04-29 23:04:19.407000000
39921,4,1,226,1,2025-04-29 23:04:19.237000000
39921,4,2,330,1,2025-04-29 23:04:19.253000000
39922,5,1,0,1,2025-04-29 23:04:19.977000000
39926,5,1,0,1,2025-04-29 23:04:19.990000000
39928,5,1,177,1,2025-04-29 23:04:22.883000000
39931,4,1,177,1,2025-04-29 23:04:22.870000000
39932,4,1,0,1,2025-04-29 23:04:16.400000000
39934,4,1,0,1,2025-04-29 23:04:16.430000000
39937,4,1,0,1,2025-04-29 23:04:19.063000000
39939,3,1,0,1,2025-04-29 23:04:19.080000000
39941,7,1,0,1,2025-04-29 23:04:23.227000000
39942,5,1,0,1,2025-04-29 23:04:24.097000000
39943,4,1,0,1,2025-04-29 23:04:20
39945,5,1,0,1,2025-04-29 23:04:20.017000000
39947,3,1,0,1,2025-04-29 23:04:20.030000000
39949,3,1,0,1,2025-04-29 23:04:20.040000000
39955,5,1,0,1,2025-04-29 23:04:23.240000000
39956,5,1,0,1,2025-04-29 23:04:24.097000000
39957,4,1,0,1,2025-04-29 23:04:19.090000000
39958,4,1,0,1,2025-04-29 23:04:19.763000000
39959,4,1,0,1,2025-04-29 23:04:20.057000000
39960,3,1,0,1,2025-04-29 23:04:17.703000000
39961,4,1,0,1,2025-04-29 23:04:20.080000000
39962,3,1,0,1,2025-04-29 23:04:17.707000000
39963,6,1,372,1,2025-04-29 23:04:23.137000000
39963,6,2,198,1,2025-04-29 23:04:23.157000000
39978,7,1,158,1,2025-04-29 23:04:23.017000000
39981,3,1,0,1,2025-04-29 23:04:19.340000000
39982,4,1,0,1,2025-04-29 23:04:19.370000000
39983,8,1,0,1,2025-04-29 23:04:22.177000000
39986,2,1,0,1,2025-04-29 23:04:18.900000000
39988,2,1,0,1,2025-04-29 23:04:18.913000000
39994,6,1,333,1,2025-04-29 23:04:23.570000000
39995,5,1,333,1,2025-04-29 23:04:23.580000000
39996,7,1,0,1,2025-04-29 23:04:16.557000000
39999,3,1,0,1,2025-04-29 23:04:19.107000000
40001,4,1,165,1,2025-04-29 23:04:18.703000000
40001,4,2,212,1,2025-04-29 23:04:18.717000000
40001,4,3,263,1,2025-04-29 23:04:18.730000000
40001,4,4,164,1,2025-04-29 23:04:18.743000000
40003,3,1,372,1,2025-04-29 23:04:23.413000000
40016,43,1,0,1,2025-04-29 23:04:22.203000000
40021,2,1,0,1,2025-04-29 23:04:18.927000000
40025,8,1,0,1,2025-04-29 23:04:16.457000000
40031,3,1,176,1,2025-04-29 23:04:22.960000000
40037,4,1,0,1,2025-04-29 23:04:22.860000000
40045,5,1,155,1,2025-04-29 23:04:23.330000000
40045,5,2,266,1,2025-04-29 23:04:23.343000000
40047,6,1,155,1,2025-04-29 23:04:22.790000000
40047,6,2,266,1,2025-04-29 23:04:22.803000000
40049,3,1,155,1,2025-04-29 23:04:20.170000000
40049,3,2,266,1,2025-04-29 23:04:20.183000000
40051,4,1,155,1,2025-04-29 23:04:20.260000000
40051,4,2,266,1,2025-04-29 23:04:20.270000000
40055,3,1,155,1,2025-04-29 23:04:19.153000000
40055,3,2,266,1,2025-04-29 23:04:19.170000000
40167,12,1,0,1,2025-04-29 23:04:23.720000000
40173,4,1,0,1,2025-04-29 23:04:19.293000000
40174,4,1,0,1,2025-04-29 23:04:19.323000000
40175,4,1,0,1,2025-04-29 23:04:20.410000000
40177,4,1,0,1,2025-04-29 23:04:23.107000000
40178,3,1,0,1,2025-04-29 23:04:19.240000000
40180,6,1,0,1,2025-04-29 23:04:23.520000000
40181,8,1,158,1,2025-04-29 23:04:23.477000000
40183,9,1,0,1,2025-05-06 14:59:41.550000000
40184,7,1,0,1,2025-04-29 23:04:19.527000000
40185,7,1,0,1,2025-04-29 23:04:19.590000000
40188,6,1,0,1,2025-05-08 21:09:11.893000000
40192,3,1,0,1,2025-05-07 19:30:51.230000000
40194,3,1,0,1,2025-05-08 14:49:33.133000000
40195,3,1,155,1,2025-05-13 16:01:34.603000000
40195,3,2,266,1,2025-05-13 16:02:05.823000000
